trial_id,tier_name,origin_node,target_node,euclidean_dist_m,euclidean_nodes,euclidean_time_ms,shortest_path_cost_s,alt_L4_nodes,alt_L4_time_ms,alt_L8_nodes,alt_L8_time_ms,alt_L16_nodes,alt_L16_time_ms
1,LOW (Manhattan Grid),42454042,42430292,1941.745478235977,300,1.6825999991851859,269.49469830856,110,0.9011000001919456,73,0.7725000032223761,46,0.90730000010808
2,LOW (Manhattan Grid),427850840,42421969,1807.949937287681,123,0.506899999891175,196.8493978932325,60,0.39479999759350903,32,0.31010000020614825,32,0.5350999999791384
3,LOW (Manhattan Grid),62915536,42434821,1817.622929315942,226,0.8028999982343521,274.8426974023212,122,0.6107999979576562,112,0.9602000027371105,85,1.155599999037804
4,LOW (Manhattan Grid),42430347,42454042,1166.0205970920392,50,0.1902999974845443,133.51369634962074,17,0.09239999781129882,17,0.21810000180266798,14,0.21180000112508424
5,LOW (Manhattan Grid),247123612,42439981,1678.401963375797,137,0.4912000003969297,206.32099306507024,21,0.12309999874560162,21,0.279799998679664,21,0.31630000012228265
6,LOW (Manhattan Grid),42445037,42439952,1842.881748879199,138,0.775100001192186,198.97511469917603,46,0.2644000014697667,42,0.4140999990340788,33,0.5061000010755379
7,LOW (Manhattan Grid),42430739,42445916,2108.7317581765215,230,1.0188000014750287,255.01273132872205,53,0.325400000292575,48,0.42219999886583537,42,0.6367999994836282
8,LOW (Manhattan Grid),4347534767,427841073,2604.8293172291915,395,1.5985999998520128,317.52599412050984,103,0.5669000020134263,84,0.6776999980502296,76,1.063100000465056
9,LOW (Manhattan Grid),42434087,42435420,1761.3797833750561,262,1.0177000003750436,236.7411150052457,51,0.32869999995455146,40,0.36420000105863437,32,0.5529000009119045
10,LOW (Manhattan Grid),596775930,42434434,2240.0992523582618,284,1.0490000022400636,282.3859923061017,168,0.8948999966378324,103,0.8130999995046295,32,0.6911999989824835
11,LOW (Manhattan Grid),596775876,42453986,1042.837660677495,47,0.18590000036056153,102.0236338996665,17,0.09299999874201603,17,0.14179999925545417,17,0.2691000008780975
12,LOW (Manhattan Grid),7443621689,42445936,2060.42846890659,85,0.3293999980087392,199.00297264975111,18,0.10200000178883784,14,0.13190000026952475,14,0.23669999791309237
13,LOW (Manhattan Grid),42430745,42430651,1524.6330732342835,56,0.2144999998563435,136.63308225596631,21,0.13559999933931977,21,0.20799999765586108,21,0.36580000232788734
14,LOW (Manhattan Grid),42428308,1061531447,1112.6131275398368,59,0.23490000239689834,136.05342611196318,30,0.16880000111996196,25,0.2190000013797544,25,0.37590000283671543
15,LOW (Manhattan Grid),561042194,42435633,1406.8347733581093,165,0.6448999993153848,188.79423854454708,39,0.21949999791104347,39,0.34410000080242753,33,0.5218000005697832
16,LOW (Manhattan Grid),42427787,42440452,1768.561603563595,150,0.5768000009993557,212.1334107221253,49,0.30049999986658804,40,0.3656999979284592,37,0.6056999991415069
17,LOW (Manhattan Grid),561042195,42450341,2293.0594803069716,429,2.016800001001684,289.71847023395145,79,0.42070000199601054,75,0.6057999999029562,72,1.0020000008807983
18,LOW (Manhattan Grid),42435714,42435642,1927.3160963168564,241,1.3300999999046326,242.07236232093493,83,0.4436999988683965,52,0.4700999998021871,52,0.7771999989927281
19,LOW (Manhattan Grid),42439981,561042191,1092.976545083796,68,0.27039999986300245,133.50768607523563,31,0.16999999934341758,24,0.19600000086938962,20,0.28200000087963417
20,LOW (Manhattan Grid),42430361,42422899,1775.3547665212693,303,1.1677999973471742,251.51346212885096,27,0.1742999993439298,27,0.2578000021458138,27,0.46859999929438345
21,LOW (Manhattan Grid),42436703,42434954,1442.4385464847069,95,0.3722000001289416,144.72792579765076,32,0.19439999960013665,22,0.20789999689441174,22,0.3961000002163928
22,LOW (Manhattan Grid),42445972,42454042,1926.7192174083798,146,0.6161999990581535,254.0532538085517,52,0.2844000009645242,106,0.7733999991614837,42,0.6582999994861893
23,LOW (Manhattan Grid),42444049,42428328,1481.2119653914929,222,0.931399998080451,204.15985515730875,68,0.37030000021331944,62,0.483600000734441,48,0.6748000014340505
24,LOW (Manhattan Grid),6636032331,42440004,1736.3040251303673,191,0.7472999968740623,227.3080583963681,92,0.5034999994677491,73,0.6376999990607146,69,1.0302000009687617
25,LOW (Manhattan Grid),42437379,42437654,1525.1954619819578,122,0.5289999971864745,180.81132459888028,51,0.271100001555169,51,0.38359999962267466,22,0.32270000156131573
26,LOW (Manhattan Grid),42440012,42436510,873.1351343018703,111,0.4377000004751608,152.07319493160585,31,0.17049999951268546,30,0.2466000005370006,30,0.40660000013303943
27,LOW (Manhattan Grid),596775998,42434965,2305.268743235358,189,0.7318000025406945,248.62229058590577,80,0.4273000013199635,70,0.5611000015051104,67,0.9264000000257511
28,LOW (Manhattan Grid),42428570,427850840,1716.0620951120873,237,0.9224999994330574,238.40421729829305,42,0.24090000079013407,42,0.3725000024132896,37,0.5583000020124018
29,LOW (Manhattan Grid),42428312,42430673,1290.500659427789,91,0.3692999998747837,162.14589591218004,24,0.1350999991700519,24,0.2021000000240747,16,0.31859999944572337
30,LOW (Manhattan Grid),42432693,42440015,923.0184680508015,74,0.29849999918951653,130.87487318377757,25,0.1436000020476058,25,0.207500001124572,16,0.25600000299164094
31,LOW (Manhattan Grid),62915531,42445896,2407.1358496792536,365,1.3827999973727856,317.55687105860534,160,0.7970999977260362,119,1.1405999975977466,48,0.7627000013599172
32,LOW (Manhattan Grid),11017186435,42428575,1176.8391781032813,91,0.3453999997873325,172.29955651792807,58,0.3045999983442016,20,0.28340000062598847,20,0.31070000113686547
33,LOW (Manhattan Grid),42432825,427840967,2043.2525525490148,359,1.371799997286871,280.7871189199949,171,0.9261999985028524,31,0.2950999987660907,31,0.4895999991276767
34,LOW (Manhattan Grid),42445310,5706568625,2931.0204642377553,258,1.1980999988736585,308.13097474846205,145,0.7865000006859191,71,0.7202000015240628,71,1.2209000014991034
35,LOW (Manhattan Grid),42445310,5849918504,1464.1884496172,105,0.45730000056209974,168.55707093622667,22,0.14240000018617138,22,0.20990000120946206,22,0.3632000007200986
36,LOW (Manhattan Grid),13099951760,42444051,2620.493630320459,306,1.2365999973553699,304.3366609999206,133,0.714400001015747,96,0.7288999986485578,72,1.0763999998744112
37,LOW (Manhattan Grid),42432589,42432580,859.6251382872168,18,0.07299999924725853,91.05694555762035,7,0.04310000076657161,7,0.06280000161495991,7,0.11240000094403513
38,LOW (Manhattan Grid),42434946,1241742563,2442.0747456496747,340,1.296799997362541,284.63330621564626,105,0.6098000012570992,36,0.36099999852012843,36,1.0350999982620124
39,LOW (Manhattan Grid),42439984,42439842,1436.8845614871925,30,0.1306000012846198,128.66667947865125,19,0.11969999832217582,19,0.17309999748249538,19,0.3409000019019004
40,LOW (Manhattan Grid),42445930,42428227,1795.8893225133172,230,0.8731000016268808,218.26969313869944,75,0.4642999992938712,40,0.3586999991966877,31,0.5023999983677641
41,LOW (Manhattan Grid),42430363,42435710,598.6137542609627,16,0.06330000178422779,70.44697706946735,9,0.05869999949936755,9,0.09370000043418258,7,0.15980000171111897
42,LOW (Manhattan Grid),358447541,42442937,2431.7749590344074,242,0.9380999981658533,298.3707456291294,175,0.9939000010490417,143,1.0850999969989061,96,1.45179999890388
43,LOW (Manhattan Grid),42444933,42442939,2396.1044220160825,298,1.2223000012454577,311.6216202814045,217,1.1341999997966923,157,1.180699997348711,98,1.2683000022661872
44,LOW (Manhattan Grid),42445804,42442918,513.6496316113637,9,0.06130000110715628,58.79906670500079,8,0.055500000598840415,8,0.08430000161752105,8,0.15160000111791305
45,LOW (Manhattan Grid),42445899,42435624,1237.9741214637552,161,0.6156999988888856,217.96104958487174,40,0.21430000197142363,40,0.3132999991066754,39,0.5071999985375442
46,LOW (Manhattan Grid),9019680390,42445909,1845.7379199681031,114,0.4565999988699332,198.84522328346912,29,0.16010000035748817,27,0.2170999978261534,26,0.3847999978461303
47,LOW (Manhattan Grid),6166333257,42428315,1971.8147559785418,316,1.2007000004814472,265.56992204311007,133,0.7346999991568737,120,0.9939000010490417,62,0.9294999981648289
48,LOW (Manhattan Grid),42445908,9971300853,1419.252832799703,81,0.3279000011389144,151.06018438228188,17,0.1452999968023505,17,0.16390000018873252,17,0.2905999972426798
49,LOW (Manhattan Grid),42430358,42446942,1299.4422965373722,117,0.45820000013918616,162.4280917885002,28,0.18229999841423705,28,0.2539000015531201,28,0.45339999996940605
50,LOW (Manhattan Grid),42435714,9019680388,1453.6452697554619,141,0.5488999995577615,180.72997134314627,36,0.23039999723550864,33,0.3494000011414755,25,0.4721000004792586
51,LOW (Manhattan Grid),100522479,11942111840,633.7380237519342,44,0.1857999995991122,78.48558083424683,16,0.1322999996773433,16,0.18049999926006421,16,0.30730000071343966
52,LOW (Manhattan Grid),596775867,42445649,859.1494085293543,51,0.19909999900846742,98.90872060965899,20,0.1644000003580004,13,0.12799999967683107,13,0.21689999994123355
53,LOW (Manhattan Grid),42452975,3786901743,1733.8916077800181,97,0.3815000018221326,168.7122643614854,23,0.1677999971434474,23,0.25040000036824495,21,0.3981000008934643
54,LOW (Manhattan Grid),561042194,42446701,503.47497402222587,34,0.13719999697059393,62.990491270548496,11,0.06919999941601418,11,0.10180000026593916,8,0.1326000019616913
55,LOW (Manhattan Grid),42444964,42445033,1435.8391683825523,167,0.6147999993117992,191.30386374156544,40,0.24919999850681052,33,0.29540000105043873,30,0.5338000009942334
56,LOW (Manhattan Grid),42440463,42445950,796.925365200706,44,0.16879999748198316,99.42832470875243,17,0.12340000102994964,14,0.14399999781744555,14,0.26620000062393956
57,LOW (Manhattan Grid),8122411159,42430371,1219.9899350238854,200,0.7519999999203719,203.12407644978325,44,0.24879999909899198,21,0.19139999858452938,21,0.3451000011409633
58,LOW (Manhattan Grid),42451695,42444049,2186.353297717997,298,1.4437999998335727,280.4210750797804,135,0.720500000170432,95,0.7279000019480009,81,1.1403000025893562
59,LOW (Manhattan Grid),42428223,42421974,2826.928812634945,364,1.4025999989826232,358.10668503028126,107,0.5617999995592982,46,0.43169999844394624,46,0.7317000017792452
60,LOW (Manhattan Grid),42435707,12989986305,603.6803739993903,26,0.10470000052009709,75.73557470735886,18,0.11410000297473744,15,0.143599998409627,15,0.24140000095940195
61,LOW (Manhattan Grid),12153915836,427840984,1666.904191530127,186,0.6881999979668763,235.93541611975087,133,0.672800000756979,111,0.7742999987385701,30,0.4723999991256278
62,LOW (Manhattan Grid),42427787,6177439750,2534.935226441644,275,1.1196999985259026,291.2163738358332,114,0.6938000005902722,68,0.6624000016017817,59,1.0228999999526422
63,LOW (Manhattan Grid),42435677,4443775465,1283.7674916651633,131,0.5143000016687438,178.08723675919268,46,0.2949999980046414,35,0.35149999894201756,32,0.5646999998134561
64,LOW (Manhattan Grid),593886253,561042195,711.3587900634907,29,0.11489999815239571,113.46769402314284,15,0.10159999874304049,12,0.11920000179088674,12,0.2023999986704439
65,LOW (Manhattan Grid),42434962,42445896,638.4605810218223,28,0.11329999688314274,77.99098190683846,11,0.07209999967017211,11,0.10730000212788582,11,0.18629999976838008
66,LOW (Manhattan Grid),1241742627,13099951760,869.9998388806994,38,0.1489000023866538,118.06354309865904,22,0.13549999857787043,22,0.20589999985531904,18,0.3068000005441718
67,LOW (Manhattan Grid),4862610026,42455915,1630.9229775677982,158,0.581899999815505,189.30282454115968,25,0.15690000145696104,25,0.2367999986745417,25,0.40609999996377155
68,LOW (Manhattan Grid),42436700,42445001,1482.040616548946,158,0.5963000003248453,186.5564406681267,19,0.1145999995060265,19,0.23430000146618113,19,0.31799999851500615
69,LOW (Manhattan Grid),11003445421,42430361,1617.0128434295427,156,0.5654000015056226,199.4754309997935,53,0.2808999997796491,20,0.18899999849963933,20,0.47649999760324135
70,LOW (Manhattan Grid),11337295601,42432585,1404.568524235286,147,0.7202999986475334,172.37183918873143,23,0.15259999781847,19,0.24340000163647346,17,0.39670000114711
71,LOW (Manhattan Grid),42430698,42432706,419.09459024868863,21,0.08890000026440248,67.04145053391646,11,0.06570000186911784,11,0.11749999976018444,10,0.14290000035543926
72,LOW (Manhattan Grid),42431563,4347550074,703.7998289582573,18,0.07650000043213367,78.36872767718307,9,0.05210000017541461,9,0.08719999823370017,9,0.14699999883305281
73,LOW (Manhattan Grid),42448813,3377461259,1171.1031588314281,92,0.42720000055851415,147.69115642743307,46,0.25239999740733765,34,0.35969999953522347,34,0.5793999989691656
74,LOW (Manhattan Grid),42428227,42430685,1907.2963070475,254,1.0010000005422626,267.97126949790317,108,0.5786000001535285,104,0.886099998751888,24,0.4082000014022924
75,LOW (Manhattan Grid),42442943,42430698,2548.9902515664025,275,1.0144000007130671,274.78789235845744,71,0.44979999802308157,59,0.4803000010724645,29,0.46189999920898117
76,LOW (Manhattan Grid),42432589,596775946,1413.7019467399748,131,0.49650000073597766,173.48194599006004,42,0.25599999935366213,30,0.26870000147027895,25,0.38530000165337697
77,LOW (Manhattan Grid),42440025,42430378,324.2107545554513,6,0.02460000177961774,40.302229913331566,5,0.030899998819222674,5,0.04610000178217888,5,0.08370000068680383
78,LOW (Manhattan Grid),42432700,42449956,1531.7120935843664,96,0.36719999843626283,167.6960114557609,44,0.23969999892869964,39,0.2921999985119328,39,0.5462999979499727
79,LOW (Manhattan Grid),42442952,42443810,716.151372190285,32,0.11810000069090165,88.80262779892544,13,0.07140000161598437,12,0.09440000212634914,12,0.1742999993439298
80,LOW (Manhattan Grid),42446998,42443613,218.2411890748693,11,0.040400002035312355,41.80422843972405,6,0.0318000020342879,6,0.04809999882127158,6,0.08990000060293823
81,LOW (Manhattan Grid),42430288,42453999,1199.0747540493642,80,0.3073999978369102,147.50752716110898,42,0.2502999996067956,45,0.39489999835495837,34,0.5336000031093135
82,LOW (Manhattan Grid),42445947,42445953,160.17644272447924,3,0.010100000508828089,14.344528186557813,3,0.01669999983278103,3,0.026500001695239916,3,0.04839999746764079
83,LOW (Manhattan Grid),42445947,42445953,160.17644272447924,3,0.009700001101009548,14.344528186557813,3,0.014799999917158857,3,0.023700002202531323,3,0.043700001697288826
84,LOW (Manhattan Grid),42435646,596775998,2455.636999036959,426,1.656200001889374,298.23536317183624,93,0.5571000001509674,64,0.5678000015905127,55,0.8708999994269107
85,LOW (Manhattan Grid),42445667,42445928,1268.2831333372133,127,0.47989999802666716,159.50717468900555,17,0.10850000035134144,17,0.16139999934239313,17,0.28449999808799475
86,LOW (Manhattan Grid),42430320,42435710,1394.3131149658122,96,0.455000001238659,163.6709178073589,39,0.21890000061830506,26,0.24089999715215527,26,0.42460000258870423
87,LOW (Manhattan Grid),42434074,42445936,635.3772494404074,13,0.05759999839938246,56.8945580652705,9,0.05120000059832819,9,0.07800000093993731,9,0.13789999866276048
88,LOW (Manhattan Grid),42435707,42445930,1026.1732171091783,35,0.13749999925494194,102.89269211224031,10,0.05400000009103678,9,0.07380000170087442,9,0.130899999930989
89,LOW (Manhattan Grid),42431563,42434434,1205.857197774943,43,0.18090000230586156,143.04502130724194,21,0.13039999976172112,21,0.20149999909335747,19,0.32500000088475645
90,LOW (Manhattan Grid),42445936,42446363,1569.5345377134438,144,0.5555999996431638,182.91611876482818,47,0.2542000001994893,37,0.30899999910616316,26,0.3666000011435244
91,LOW (Manhattan Grid),42439968,42445664,1292.2215279963725,70,0.28250000104890205,137.09843129932702,23,0.13860000035492703,18,0.16870000035851263,18,0.2969999986817129
92,LOW (Manhattan Grid),42430356,42456683,1090.3484911205398,133,0.48799999785842374,163.31941621161195,30,0.16059999688877724,25,0.21940000078757294,25,0.36220000038156286
93,LOW (Manhattan Grid),42438886,4544455460,1178.689867113792,155,0.6791999985580333,163.04503785017195,54,0.3271999994467478,34,0.34100000266334973,29,0.47699999777250923
94,LOW (Manhattan Grid),42430329,42445920,529.0947541493211,12,0.05569999848376028,63.86574823983649,9,0.058400000852998346,6,0.0638999990769662,6,0.10420000035082921
95,LOW (Manhattan Grid),1825841704,3786901738,2366.0759636821276,345,1.4470000023720786,287.97139276282775,112,0.6326000002445653,78,0.7353999972110614,74,1.1344999984430615
96,LOW (Manhattan Grid),42432594,42429974,1837.2428148313597,239,0.8899999993445817,242.40044719645675,75,0.42159999793511815,54,0.47399999675690196,53,0.736899997718865
97,LOW (Manhattan Grid),42453545,42430739,1160.9234792482002,51,0.18909999926108867,120.10707523168074,38,0.20769999900949188,38,0.37599999996018596,36,0.4847999989578966
98,LOW (Manhattan Grid),42433604,42459098,1013.0981052944301,61,0.2378999997745268,114.54563452853725,21,0.12789999891538173,16,0.16110000069602393,16,0.263700003415579
99,LOW (Manhattan Grid),2348991703,42437688,2063.7624843735775,145,0.522300000739051,228.84187824412788,29,0.17350000052829273,29,0.2801999980874825,29,0.454699998954311
100,LOW (Manhattan Grid),42431650,42430363,1072.2781120308325,58,0.22149999858811498,171.1411452387448,33,0.1793000010366086,32,0.26390000130049884,32,0.4288000018277671
101,LOW (Manhattan Grid),42448996,596775876,2423.1714562747848,275,1.0494999987713527,265.8197668902788,66,0.39710000055492856,46,0.37960000190651044,34,0.49820000276668
102,LOW (Manhattan Grid),42438881,42445666,1108.7585191676378,121,0.4818999987037387,154.45653774439955,37,0.2243999988422729,23,0.2238000015495345,23,0.3754999997909181
103,LOW (Manhattan Grid),42434090,42430639,2666.4704467851266,350,1.3298000012582634,301.6612393168382,150,0.7638999995833728,125,0.9585999978298787,100,1.2771000001521315
104,LOW (Manhattan Grid),7280430895,3639382769,1923.6205375173759,114,0.4487000005610753,199.4789964098389,45,0.29579999682027847,23,0.23940000028233044,18,0.37180000072112307
105,LOW (Manhattan Grid),42448338,593886226,1331.0537976992941,124,0.487600002088584,167.2840077153022,59,0.4318999999668449,49,0.37909999809926376,47,0.6252000021049753
106,LOW (Manhattan Grid),4207913309,42429974,2524.029899230298,473,1.786500000889646,330.28594315036537,106,0.7203000022855122,77,0.7024000005912967,74,1.1061000004701782
107,LOW (Manhattan Grid),42443612,42448813,787.4608985842568,54,0.20840000070165843,98.66987794755954,18,0.10860000111279078,18,0.19120000069960952,18,0.28759999986505136
108,LOW (Manhattan Grid),42438886,42449932,1082.7770102218853,85,0.33199999961652793,123.46938894561602,24,0.15319999874918722,23,0.22629999875789508,23,0.3849000022455584
109,LOW (Manhattan Grid),11017187937,561042193,2323.204545206648,257,0.9530000024824403,263.0359298535,24,0.1460999992559664,24,0.22360000002663583,24,0.37399999928311445
110,LOW (Manhattan Grid),42430707,42435716,1000.3828542567338,71,0.2632000032463111,138.3421527507309,13,0.07980000009411015,13,0.12329999663052149,13,0.2046999979938846
111,LOW (Manhattan Grid),5165632724,42448379,2717.076445730869,469,1.7149999985122122,356.501557346175,225,1.13729999793577,182,1.4114999976300169,102,1.357199998892611
112,LOW (Manhattan Grid),42446935,42445651,574.2017753104294,21,0.08800000068731606,71.06630099237212,10,0.062100003560772166,10,0.09419999696547166,10,0.15829999756533653
113,LOW (Manhattan Grid),42445910,42456598,1618.6505160613585,108,0.41929999861167744,158.67611644244604,25,0.16540000069653615,25,0.2500000009604264,25,0.4273000013199635
114,LOW (Manhattan Grid),595105472,42428303,1734.5727030819885,68,0.26869999783230014,181.63033150815218,17,0.09380000119563192,17,0.14930000179447234,15,0.21860000197193585
115,LOW (Manhattan Grid),42428313,42440934,668.1396702048794,51,0.19490000340738334,101.36470844408832,23,0.12740000238409266,23,0.18900000213761814,22,0.31010000020614825
116,LOW (Manhattan Grid),42435675,42444985,628.3035929171913,19,0.08369999704882503,89.23504705291565,11,0.06749999738531187,11,0.10280000060447492,11,0.17350000052829273
117,LOW (Manhattan Grid),4347534783,42439964,1789.2448153159755,177,0.6700000012642704,202.998965959034,26,0.1584999990882352,26,0.312700001813937,26,0.40779999835649505
118,LOW (Manhattan Grid),42452975,42453008,2348.3753093269906,214,1.2201999998069368,235.95840413243064,83,0.46830000064801425,65,0.5694999999832362,50,0.799699999333825
119,LOW (Manhattan Grid),42455751,42432594,699.963787986301,40,0.1658000001043547,96.44977316725875,16,0.09670000144978985,12,0.1205000007757917,12,0.2085999985865783
120,LOW (Manhattan Grid),561042198,42440025,1701.08832561586,312,1.1620999976003077,232.61242899616067,76,0.400400000216905,54,0.47730000005685724,44,0.5956999993941281
121,LOW (Manhattan Grid),42432594,42444954,1286.0738190985162,25,0.10710000060498714,115.16522076802129,18,0.11349999840604141,18,0.17529999968246557,18,0.30640000113635324
122,LOW (Manhattan Grid),42430646,1701844698,2766.071389699217,233,0.8783000012044795,273.2291755154163,91,0.5163999994692858,79,0.6986999978835229,55,0.8478999989165459
123,LOW (Manhattan Grid),42438886,42430347,673.5710320617769,50,0.3313999986858107,91.71851681941568,19,0.10770000153570436,12,0.1081000009435229,12,0.18810000256053172
124,LOW (Manhattan Grid),42445916,42435646,1120.0020699825,103,0.6052000026102178,147.56404290751783,23,0.14459999874816276,20,0.19769999926211312,20,0.325099998008227
125,LOW (Manhattan Grid),1825841693,595105538,2380.193894331123,335,1.4143000007607043,312.2463825242332,88,0.4685000021709129,71,0.5599999967671465,66,0.8992000002763234
126,LOW (Manhattan Grid),3639382767,42435675,1260.9514134372412,136,0.5274000031931791,161.56592389973957,24,0.14770000052521937,19,0.1650000012887176,19,0.2872000004572328
127,LOW (Manhattan Grid),42433620,42435642,402.81548421270674,64,0.2783999989333097,113.31647658321872,15,0.08929999967222102,15,0.1357000001007691,15,0.23379999765893444
128,LOW (Manhattan Grid),62915527,42439840,2057.284744706103,220,0.7852000017010141,270.7741989835584,125,0.6184999983815942,116,0.8773000008659437,88,1.1464000017440412
129,LOW (Manhattan Grid),42428277,4443775465,807.1544441264014,46,0.17979999756789766,143.67950539325818,16,0.09579999823472463,16,0.15390000044135377,16,0.2690999972401187
130,LOW (Manhattan Grid),42432594,42438886,1451.819674949486,47,0.17609999849810265,145.02269020622293,16,0.09900000077323057,11,0.11530000119819306,11,0.1937000015459489
131,LOW (Manhattan Grid),42439964,4443775465,697.2916495080024,19,0.07250000271596946,81.8420534977488,10,0.061499998992076144,10,0.0976999981503468,10,0.1737000020511914
132,LOW (Manhattan Grid),42437363,42430707,1311.108798504529,92,0.3495999990263954,162.40877252093057,17,0.10449999899719842,17,0.15689999781898223,17,0.33709999843267724
133,LOW (Manhattan Grid),42450341,42452875,1792.718569961252,98,0.37399999928311445,188.02196350034234,24,0.14419999934034422,24,0.21529999867198057,24,0.4287000010663178
134,LOW (Manhattan Grid),42430358,11017187937,1600.6216399725392,101,0.38130000029923394,181.05656159948776,43,0.40750000334810466,23,0.22530000205733813,23,0.4704999992100056
135,LOW (Manhattan Grid),42435677,42452875,1243.489548522903,69,0.2610000010463409,140.83615051216242,21,0.1407999989169184,22,0.18929999714600854,22,0.33210000037797727
136,LOW (Manhattan Grid),42449308,42440453,1532.3676329320956,84,0.3366999990248587,151.0494027941641,22,0.14700000247103162,22,0.2144999998563435,22,0.36539999928209
137,LOW (Manhattan Grid),5706568771,42440009,815.1074996442073,38,0.15469999925699085,103.09720734633923,10,0.06600000051548705,10,0.09509999654255807,10,0.17389999993611127
138,LOW (Manhattan Grid),42428315,42455643,758.7362875766252,35,0.13810000018565916,101.16500094443509,15,0.08510000043315813,15,0.12079999942216091,14,0.19640000027720816
139,LOW (Manhattan Grid),42442937,42434074,755.0004381967626,37,0.1612999985809438,90.08915743562648,9,0.06159999975352548,9,0.09090000094147399,9,0.16360000154236332
140,LOW (Manhattan Grid),12989986304,42430384,848.3500951940536,63,0.24309999935212545,144.32149863126773,18,0.09870000212686136,18,0.14939999891794287,18,0.252499998168787
141,LOW (Manhattan Grid),3270031028,42428258,1145.0475247328072,31,0.12729999798466451,108.62690795590673,9,0.054299998737405986,9,0.08180000077118166,9,0.1460999992559664
142,LOW (Manhattan Grid),42421972,42445378,2692.721239634679,361,1.4183999992383178,316.0464345187645,94,0.5330000021785963,85,0.7145000017771963,81,1.1279999998805579
143,LOW (Manhattan Grid),42427821,596775935,2817.863378989269,445,1.5864999986661132,351.1980920694042,116,0.670700002956437,89,0.7619999996677507,84,1.2485000006563496
144,LOW (Manhattan Grid),42440153,42437670,1903.5703328411248,265,1.0922999972535763,240.14798115497132,112,0.6006999974488281,80,0.6552000013471115,55,0.7938999988255091
145,LOW (Manhattan Grid),42445909,42435257,2391.860040643948,383,1.4396000005945098,280.7901247201684,117,0.6119999998190906,75,0.6533000014314894,55,0.8487999984936323
146,LOW (Manhattan Grid),42445972,42428321,1182.3555034747926,48,0.1745000008668285,163.01803847806403,23,0.13839999883202836,23,0.20109999968553893,23,0.3662000017357059
147,LOW (Manhattan Grid),42430742,561042197,2393.7012403178164,387,1.4381000000867061,311.44725251936364,115,0.6776000009267591,88,0.7777999999234453,67,0.989200001640711
148,LOW (Manhattan Grid),42432847,42434087,892.98448027006,35,0.13799999942420982,92.49074460270697,14,0.0839000022097025,13,0.11850000009872019,13,0.20429999858606607
149,LOW (Manhattan Grid),42445976,42448317,580.8552884403987,26,0.0870000003487803,92.23543632833582,12,0.06720000237692147,12,0.10509999992791563,12,0.17780000052880496
150,LOW (Manhattan Grid),42438891,427840967,2017.6560222237363,326,1.2412999967637006,264.8111493395051,140,0.7365000019490253,27,0.24879999909899198,27,0.42020000182674266
151,LOW (Manhattan Grid),42457788,42444960,2574.9830902436042,311,1.1540999985300004,333.3539523184929,41,0.24290000146720558,41,0.3617999973357655,41,0.6111000002420042
152,LOW (Manhattan Grid),1825841704,42430646,1917.7972618362685,220,0.8054999998421408,240.67662196982008,60,0.33149999944726005,58,0.47030000132508576,58,0.7783000000927132
153,LOW (Manhattan Grid),42449683,42435257,2465.2066534556684,399,1.4788000007683877,295.4328944765171,147,0.7689000012760516,93,0.7729999997536652,64,0.9716999993543141
154,LOW (Manhattan Grid),42459114,4347550071,1162.130512515261,47,0.16710000272723846,137.01903883978278,20,0.12240000069141388,15,0.12280000009923242,15,0.207500001124572
155,LOW (Manhattan Grid),4347550071,42435257,369.5874889061867,10,0.03539999670465477,34.16620979929303,9,0.067299999500392,8,0.06329999814624898,8,0.1097999993362464
156,LOW (Manhattan Grid),42442933,596775907,1388.5846996034122,141,0.5120999994687736,162.484577959514,30,0.2275000006193295,30,0.2899999999499414,27,0.4478999981074594
157,LOW (Manhattan Grid),4347534783,42443950,1850.0170118920637,59,0.26389999766252004,165.6603006656297,24,0.20170000061625615,24,0.22530000205733813,24,0.392399997508619
158,LOW (Manhattan Grid),42445365,42442943,1055.4016869067448,104,0.40019999869400635,133.05491511662447,46,0.3496999997878447,35,0.311100000544684,33,0.5232000003161374
159,LOW (Manhattan Grid),42434465,6928075146,1100.690862766561,75,0.2930999980890192,154.26014961695475,23,0.14679999731015414,23,0.2190000013797544,19,0.3393000006326474
160,LOW (Manhattan Grid),42437379,4443775464,1467.1167812789702,116,0.4607999981089961,184.17604521968173,68,0.3698999971675221,64,0.5258999990473967,19,0.356399999873247
161,LOW (Manhattan Grid),12154598283,42430338,1613.3745232075232,140,0.5177999992156401,189.28136538360536,42,0.22009999884176068,40,0.29970000105095096,33,0.46719999954802915
162,LOW (Manhattan Grid),42430304,596775870,1417.7712540513662,132,0.5156000006536487,169.13203468289345,33,0.19210000027669594,20,0.19979999706265517,20,0.33600000097067095
163,LOW (Manhattan Grid),42443811,42423020,1061.3776038575234,95,0.36410000029718503,131.7549516102297,18,0.10320000001229346,18,0.161599997227313,18,0.276099999609869
164,LOW (Manhattan Grid),42444985,3270031028,509.16384376008955,21,0.08339999840245582,63.71590386954986,12,0.0760000002628658,11,0.10720000136643648,11,0.18979999731527641
165,LOW (Manhattan Grid),6223969260,42429974,2555.9249235512907,248,0.9337000010418706,274.61177745272096,70,0.42609999945852906,66,0.6068999973649625,58,0.9231000003637746
166,LOW (Manhattan Grid),42428313,42452973,1517.0279900630026,114,0.4684999985329341,178.03843686360395,26,0.15070000154082663,26,0.22810000155004673,23,0.347099998180056
167,LOW (Manhattan Grid),62915525,42440020,1640.725546289004,158,0.649500001600245,202.53910122359017,60,0.306799996906193,60,0.4518999994616024,50,0.6331000004138332
168,LOW (Manhattan Grid),42432585,561042191,1425.0762878005837,134,0.5203000000619795,176.22670502571455,40,0.22570000146515667,34,0.2961999998660758,30,0.4351999996288214
169,LOW (Manhattan Grid),42444928,42445920,1992.2576928879323,209,0.799699999333825,266.51816840003283,30,0.18840000120690092,28,0.2604000001156237,28,0.44919999709236436
170,LOW (Manhattan Grid),42445649,42449683,355.3862752057824,18,0.07269999696291052,56.52871323722265,9,0.05199999941396527,9,0.0838999985717237,9,0.1396000006934628
171,LOW (Manhattan Grid),42443680,42445953,2258.9885118429765,136,0.5369999998947605,215.54493733897712,30,0.19729999985429458,30,0.30669999978272244,30,0.5319000010786112
172,LOW (Manhattan Grid),42437371,42440022,1458.0978425396538,140,0.5268000022624619,181.11548221747935,34,0.20589999985531904,34,0.3727000002982095,27,0.43739999819081277
173,LOW (Manhattan Grid),42435257,42442948,2178.401922966591,204,0.8008999975572806,281.75265963920054,47,0.267400002485374,45,0.3980999972554855,40,0.5769999988842756
174,LOW (Manhattan Grid),42431549,42445903,1984.4802373180419,262,1.0514000023249537,242.07648712524895,82,0.44640000123763457,54,0.45619999946211465,48,0.6993000024522189
175,LOW (Manhattan Grid),42445928,42436700,283.9029710977868,6,0.026699999580159783,35.179676167170484,5,0.02769999991869554,5,0.044600001274375245,5,0.07840000034775585
176,LOW (Manhattan Grid),42437363,42444964,727.5696117486464,31,0.14519999967887998,91.7175401405937,10,0.060999998822808266,10,0.0926000029721763,10,0.1598999988345895
177,LOW (Manhattan Grid),1825841743,42434434,1476.9812250560226,107,0.44630000047618523,173.23424143758302,27,0.17129999832832254,27,0.2598999999463558,22,0.37929999962216243
178,LOW (Manhattan Grid),42451674,42431560,2299.868456651464,365,1.463000000512693,295.5165077441632,121,0.6280999987211544,112,0.8770000022195745,85,1.1817000013252255
179,LOW (Manhattan Grid),1701844664,42459098,1149.1074380475848,72,0.44129999878350645,144.1335904976694,17,0.09499999941908754,16,0.13469999976223335,16,0.23099999816622585
180,LOW (Manhattan Grid),42430358,42432693,505.36638983921637,9,0.06410000059986487,63.34763427557955,7,0.04090000220458023,7,0.06299999949987978,7,0.10720000136643648
181,LOW (Manhattan Grid),42430694,42439972,1232.0843479987557,87,0.44949999937671237,148.17596256633897,20,0.12129999959142879,14,0.12789999891538173,14,0.2162000018870458
182,LOW (Manhattan Grid),42434946,42445910,281.1314407078074,8,0.03569999898900278,49.725511857576905,7,0.0427999984822236,7,0.06569999823113903,7,0.11349999840604141
183,LOW (Manhattan Grid),42430320,42458333,672.169959732925,36,0.14660000306321308,91.5542887727337,11,0.0624999993306119,11,0.09449999924981967,11,0.16150000010384247
184,LOW (Manhattan Grid),42453011,596775946,1710.6229812810932,160,0.6274000006669667,220.40679566514595,49,0.26989999969373457,51,0.42439999742782675,44,0.6486999991466291
185,LOW (Manhattan Grid),42434807,4443775465,417.2452839568679,8,0.03360000118846074,52.40646871343471,6,0.034599997889017686,6,0.05619999865302816,6,0.09630000204197131
186,LOW (Manhattan Grid),42445378,42446987,1132.8592415489538,90,0.33790000088629313,128.22988005572165,27,0.16900000264286064,27,0.2571000004536472,25,0.40979999903356656
187,LOW (Manhattan Grid),427841073,42428328,2115.9851926185434,194,0.8015000021259766,247.0556221088949,45,0.2699000033317134,37,0.49700000090524554,33,0.5306999992171768
188,LOW (Manhattan Grid),42434271,561042191,1561.0122146459812,86,0.3228999994462356,200.08378766624685,49,0.2904999964812305,49,0.45220000174595043,34,0.5181000014999881
189,LOW (Manhattan Grid),593988920,427841062,660.1906159996659,35,0.13720000060857274,95.30296147018598,16,0.0959999997576233,15,0.13699999908567406,15,0.2367999986745417
190,LOW (Manhattan Grid),42440004,42432594,570.9282270497124,13,0.05070000042906031,63.32124110455023,6,0.0351999988197349,6,0.05450000026030466,6,0.09510000018053688
191,LOW (Manhattan Grid),42446363,42444933,2090.695547302331,108,0.472699997771997,210.0742153844811,28,0.1747999995131977,28,0.2705000006244518,28,0.4702000005636364
192,LOW (Manhattan Grid),42435644,42433620,318.24900258398327,5,0.022300002456177026,28.497115671438678,5,0.07869999899412505,5,0.04959999932907522,5,0.08560000060242601
193,LOW (Manhattan Grid),42445018,596775907,1603.9065042926472,163,0.637799999822164,195.2381964506229,44,0.40190000072470866,46,0.369400000636233,31,0.4507000012381468
194,LOW (Manhattan Grid),42445667,42430384,1995.958387441211,236,0.8925000001909211,251.51074417635476,56,0.40249999801744707,26,0.24590000248281285,26,0.4160000025876798
195,LOW (Manhattan Grid),42447228,42427797,2979.4794383404646,228,0.8693000017956365,293.21705791979565,55,0.3488000002107583,47,0.44160000106785446,44,0.6739000018569641
196,LOW (Manhattan Grid),1825841704,12991873791,564.0698197693167,18,0.07639999967068434,53.40249713747163,11,0.07110000296961516,11,0.11030000314349309,11,0.21850000121048652
197,LOW (Manhattan Grid),42428227,42459114,2619.5211264521486,234,0.9376000016345643,276.0651988779746,74,0.45869999667047523,69,0.6362999993143603,59,0.9430999998585321
198,LOW (Manhattan Grid),42439842,596775935,2629.889668920075,292,1.1000000013154931,300.815185905687,59,0.38729999869246967,53,0.5104999981995206,50,0.8113999974739272
199,LOW (Manhattan Grid),5165632724,247123611,1621.0857333908862,115,0.4324000001361128,206.97258791315434,53,0.28530000054161064,51,0.4116000018257182,31,0.474600001325598
200,LOW (Manhattan Grid),42445409,11337295598,886.1563614091832,53,0.21070000002509914,105.68880996388357,31,0.1857999995991122,31,0.2948000001197215,31,0.49339999895892106
201,LOW (Manhattan Grid),42446998,42421974,1699.6504060144875,179,0.6608000003325287,212.02216832389027,49,0.26330000036978163,24,0.225800002226606,24,0.3677000022435095
202,LOW (Manhattan Grid),12989986305,42445910,1063.3069731751516,107,0.4224999975122046,188.04189455878645,20,0.11049999739043415,20,0.17699999807518907,20,0.30420000257436186
203,LOW (Manhattan Grid),42430736,42439981,1400.3109380295061,124,0.478300000395393,174.21789893226082,18,0.1049999991664663,18,0.16360000154236332,18,0.2830000012181699
204,LOW (Manhattan Grid),42454428,358447541,1835.0539464120939,387,1.4406000009330455,277.26224456369533,80,0.4229000005580019,58,0.496299999213079,46,0.6967000008444302
205,LOW (Manhattan Grid),42435705,42443950,1539.7028780483597,153,0.5864999984623864,200.8027656625861,28,0.15419999908772297,28,0.2406999992672354,25,0.37169999995967373
206,LOW (Manhattan Grid),42445365,42435707,1893.5365448185812,254,0.9817999998631421,233.41598710731543,94,0.48269999751937576,42,0.39910000123200007,38,0.6181000026117545
207,LOW (Manhattan Grid),42434429,42434427,163.15023730167286,5,0.021699997887481004,14.646932824415567,5,0.030400002287933603,5,0.05020000025979243,5,0.08779999916441739
208,LOW (Manhattan Grid),427840984,42430295,1023.9073755049587,73,0.27210000189370476,163.77425979628774,33,0.16450000111944973,24,0.2069000001938548,16,0.24280000070575625
209,LOW (Manhattan Grid),42431556,42444043,1337.567829057214,151,0.5817999990540557,178.18309524693748,47,0.2452000007906463,36,0.2992999980051536,36,0.47959999938029796
210,LOW (Manhattan Grid),42432594,42435633,1701.0686522218498,98,0.38639999911538325,176.58622236432223,43,0.24429999757558107,36,0.34299999970244244,31,0.5156000006536487
211,LOW (Manhattan Grid),42428332,42446506,1622.3517258281204,142,0.5368999991333112,196.27596134113145,40,0.22159999934956431,40,0.33569999868632294,39,0.5584999998973217
212,LOW (Manhattan Grid),42426816,427841052,2048.9782975962785,217,0.8254999993368983,224.7034452219885,30,0.16450000111944973,38,0.332799998432165,35,0.5438999978650827
213,LOW (Manhattan Grid),42430691,42438672,1612.4159026724626,116,0.423699999373639,183.97901606650467,24,0.14010000086273067,24,0.22849999731988646,24,0.3790000009757932
214,LOW (Manhattan Grid),42448996,9421943093,456.39282989288085,42,0.148899998748675,97.63526194829865,20,0.10860000111279078,19,0.1542999998491723,17,0.225800002226606
215,LOW (Manhattan Grid),42426851,42430736,3099.209392609882,492,1.853600002505118,399.0320783351024,184,0.9396999994351063,163,1.2568999991344754,115,1.500900001701666
216,LOW (Manhattan Grid),11017186437,42431544,1938.8523784814856,138,0.5163000023458153,206.22617209999373,44,0.2432000001135748,39,0.32619999910821207,27,0.3859999997075647
217,LOW (Manhattan Grid),42450814,42435645,2058.9613514754838,127,0.48830000014277175,203.73787408185177,27,0.15890000213403255,21,0.18769999951473437,21,0.31060000037541613
218,LOW (Manhattan Grid),42445667,42430704,2885.090653884056,411,1.5285000008589122,337.6663915845114,67,0.5454999991343357,65,0.5302000026858877,57,0.7965000004332978
219,LOW (Manhattan Grid),42434959,42443950,639.5768046545488,24,0.10420000035082921,69.33151410346498,8,0.06230000144569203,8,0.14520000331685878,8,0.12240000069141388
220,LOW (Manhattan Grid),42434810,42435642,469.00892460557407,6,0.021899999410379678,41.99790718855656,6,0.04029999763588421,6,0.12239999705343507,6,0.0835999999253545
221,LOW (Manhattan Grid),42443528,593886253,1186.5683416058368,112,0.4402999984449707,146.43188530914628,43,0.29770000037387945,26,0.27099999715574086,26,0.4135999988648109
222,LOW (Manhattan Grid),42437423,6177439752,631.7888178553844,20,0.0698000003467314,76.95311006203613,12,0.09330000102636404,12,0.12299999798415229,12,0.2386999985901639
223,LOW (Manhattan Grid),42437358,42430367,933.3406910822146,38,0.15360000179498456,106.70656661091206,15,0.11620000077527948,13,0.12240000069141388,13,0.22159999934956431
224,LOW (Manhattan Grid),1825841742,42432700,1171.6188648044056,90,0.33650000113993883,146.61354509728378,51,0.3385999989404809,37,0.35120000029564835,37,0.5247000008239411
225,LOW (Manhattan Grid),42430677,42430277,1928.9538853873696,198,0.7274999989022035,243.14207420118476,85,0.5180999978620093,75,0.6781999982194975,47,0.6081999999878462
226,LOW (Manhattan Grid),427845226,42445804,2447.2957815416185,309,1.2372999990475364,296.0907058240941,140,1.0490999993635342,105,0.8206999991671182,78,1.127800001995638
227,LOW (Manhattan Grid),42428272,42431649,2059.2048887109263,451,1.6992000018944964,301.93190841114676,70,0.7301999976334628,68,0.5573999987973366,61,0.8488999992550816
228,LOW (Manhattan Grid),3786901738,42439981,1211.9868240296207,104,0.4120999983570073,152.99667414332714,34,0.29299999732756987,33,0.3040000010514632,26,0.47339999946416356
229,LOW (Manhattan Grid),42449685,6928075146,2245.4294043303958,246,0.9595000010449439,239.19382422888984,70,0.6047999995644204,65,0.5973999977868516,27,0.5225000022619497
230,LOW (Manhattan Grid),42457476,42423836,1870.5271415130765,164,0.6291999998211395,204.27401357107746,61,0.5204999979468994,50,0.4168999985267874,17,0.2630000017234124
231,LOW (Manhattan Grid),42439990,42431650,1620.5516075284168,146,0.5596000009973068,195.22652250540918,22,0.17040000238921493,22,0.20640000002458692,22,0.3524999992805533
232,LOW (Manhattan Grid),42432589,42446701,1547.7904767146288,156,0.6146000014268793,203.4226044517246,47,0.2569999996921979,42,0.34470000173314475,24,0.378400000045076
233,LOW (Manhattan Grid),42430371,593886226,1699.3894491404283,191,0.7029000007605646,213.21007614106819,62,0.3550000001268927,48,0.4153000008955132,48,0.6881999979668763
234,LOW (Manhattan Grid),42455662,42435710,1178.5583299764448,60,0.21439999909489416,148.6566615597049,17,0.09569999747327529,17,0.15070000154082663,17,0.2505000011296943
235,LOW (Manhattan Grid),595105538,561042191,910.3901766521143,80,0.2905999972426798,126.0722540177282,21,0.13939999917056412,21,0.2096999996865634,21,0.3524999992805533
236,LOW (Manhattan Grid),11252642361,42432825,2262.6894292980323,315,1.175199999124743,283.3086416464774,36,0.22159999934956431,33,0.31680000029155053,33,0.5266999978630338
237,LOW (Manhattan Grid),42428303,42446991,1126.7326177148955,54,0.20810000205528922,160.04764653387926,19,0.10280000060447492,19,0.16680000044289045,18,0.25269999969168566
238,LOW (Manhattan Grid),42434965,62915527,2833.8960544219085,354,1.3209000026108697,314.0478333621082,123,0.6699000005028211,116,0.9264000000257511,27,0.4262999973434489
239,LOW (Manhattan Grid),42438891,42432589,1479.7232346697615,45,0.17549999756738544,132.22723390128644,10,0.06040000153006986,10,0.09250000221072696,10,0.15440000061062165
240,LOW (Manhattan Grid),42434465,596775882,2093.720783776775,269,1.001900000119349,264.91644192773583,103,0.6119000026956201,27,0.26590000197757035,27,0.44159999742987566
241,LOW (Manhattan Grid),427845226,42434077,1865.487790703219,235,0.884000000951346,248.78974588269443,80,0.49370000124326907,35,0.343399999110261,33,0.5383999996411148
242,LOW (Manhattan Grid),42432436,11337295601,624.6261610058555,20,0.08090000119409524,62.25153477955163,10,0.06039999789209105,9,0.08460000026389025,9,0.1453000004403293
243,LOW (Manhattan Grid),1533280147,42440456,2032.8112430803158,308,1.1630999979388434,260.13270205739116,115,0.662500002363231,28,0.2808999997796491,28,0.4564000009850133
244,LOW (Manhattan Grid),42442918,42430320,1158.9867696307276,66,0.26309999884688295,116.61832406289679,12,0.07310000000870787,12,0.11160000212839805,12,0.1889000013761688
245,LOW (Manhattan Grid),42439955,42457476,1249.6528201827612,112,0.4434000002220273,161.32958946812337,34,0.20669999867095612,26,0.24730000222916715,27,0.42630000098142773
246,LOW (Manhattan Grid),42437379,42447009,2798.158353859514,356,1.4722999985679053,318.50884871267897,130,0.674099999741884,121,0.9012000009533949,96,1.1516000013216399
247,LOW (Manhattan Grid),12153915856,42440452,1879.4605786308123,97,0.3729999989445787,181.00579973839484,20,0.12720000086119398,18,0.15139999959501438,16,0.2272000019729603
248,LOW (Manhattan Grid),1701844605,42430361,1488.6154808579238,198,0.7576999996672384,187.9013025674153,85,0.4751999986183364,21,0.20320000112405978,21,0.349000001733657
249,LOW (Manhattan Grid),42438891,1825841693,1645.6126013938533,179,0.9586000014678575,203.66173879910386,107,0.5841999991389457,43,0.43250000089756213,39,0.6442999983846676
250,LOW (Manhattan Grid),3275488116,1701844605,2370.217493440201,268,1.0968999995384365,262.81864128838845,67,0.4054000019095838,61,0.584299999900395,41,0.6910999982210342
251,LOW (Manhattan Grid),61275380,42428303,1410.298233896926,117,0.4189000028418377,172.94493861396305,89,0.4484000019147061,73,0.545599999895785,61,0.8159999997587875
252,LOW (Manhattan Grid),42437379,42453011,3040.945893730834,226,0.8506999984092545,283.13991249376306,80,0.43569999979808927,68,0.5399000001489185,38,0.5536999997275416
253,LOW (Manhattan Grid),42435660,1701844618,1013.9679357957159,109,0.4169999992882367,143.84453526898594,28,0.17460000162827782,19,0.1951000012923032,18,0.316400000883732
254,LOW (Manhattan Grid),4862610026,12989986304,1258.942337514264,123,0.46780000047874637,156.9068009942304,43,0.2595999976620078,42,0.41679999776533805,42,0.6885999973746948
255,LOW (Manhattan Grid),42449683,42445930,1209.7159470758127,74,0.29879999783588573,122.04125500637504,18,0.11369999992894009,18,0.17169999773614109,18,0.2882000007957686
256,LOW (Manhattan Grid),1241742563,42445917,1993.7525942013422,226,0.8586000003560912,248.88347176618083,95,0.5009999986214098,66,0.5391999984567519,86,1.0750000001280569
257,LOW (Manhattan Grid),1701844698,100522728,907.2123947312728,35,0.1430000011168886,112.98401988809076,13,0.06940000093891285,12,0.09639999916544184,12,0.16319999849656597
258,LOW (Manhattan Grid),42430311,427840998,1067.070443782969,61,0.25159999859170057,138.01571047971424,21,0.12489999789977446,17,0.15659999917261302,15,0.24499999926774763
259,LOW (Manhattan Grid),11337295598,42432589,1724.323604377091,201,0.7847999986552168,204.60995331094708,18,0.12449999849195592,18,0.25689999893074855,18,0.28819999715778977
260,LOW (Manhattan Grid),42450814,42445936,1643.8114993587567,163,0.6000000030326191,205.99579994107413,23,0.14759999976377003,23,0.38159999894560315,23,0.36389999877428636
261,LOW (Manhattan Grid),596775951,42421974,1493.2935459152832,128,0.4642999992938712,171.71469048511227,40,0.2204000011261087,20,0.1902999974845443,20,0.3023999997822102
262,LOW (Manhattan Grid),12991873791,42448811,1031.9319612727465,46,0.1756999990902841,116.03659156933595,15,0.08770000204094686,12,0.10679999832063913,12,0.17630000002100132
263,LOW (Manhattan Grid),42432540,42430742,2946.4364968988575,453,1.6617999972368125,363.7540817530175,142,0.7337999995797873,110,0.8487999984936323,94,1.3341999983822461
264,LOW (Manhattan Grid),12840833852,427841073,2472.8735736711424,298,1.123800000641495,308.47685239409543,114,0.6523999982164241,98,0.8944000001065433,59,0.8769000014581252
265,LOW (Manhattan Grid),358448394,42434279,662.4655068758987,10,0.04070000068168156,59.3252981010353,9,0.05579999924520962,9,0.08710000111022964,9,0.14840000221738592
266,LOW (Manhattan Grid),427804205,42432451,2132.6047881439645,160,0.6257999993977137,250.9572234525231,80,0.4115999981877394,50,0.3940999995393213,35,0.5171000011614524
267,LOW (Manhattan Grid),12463559806,11017186435,2579.1748201619757,278,1.180800001748139,272.15652908927154,127,0.6869999997434206,101,0.8146000000124332,21,0.3642999981821049
268,LOW (Manhattan Grid),12153915853,42450426,1905.890745629782,93,0.3660000002128072,181.60614743866722,12,0.12010000136797316,12,0.11240000094403513,12,0.19070000053034164
269,LOW (Manhattan Grid),248708582,42438886,944.5490867677552,50,0.19489999976940453,117.53584035817401,13,0.0943000013648998,12,0.10430000111227855,12,0.18150000323657878
270,LOW (Manhattan Grid),11017186437,42427477,2201.8079293797987,166,0.6290999990596902,251.51950495198827,31,0.20589999985531904,31,0.28949999978067353,31,0.49080000098911114
271,LOW (Manhattan Grid),42429971,427840998,2949.9509470744842,392,1.4783000005991198,358.62784123134264,142,0.8592999984102789,87,0.7573000002594199,79,1.1591000002226792
272,LOW (Manhattan Grid),62915549,42430742,1150.0041380105629,41,0.161899999511661,106.61553106440758,19,0.11329999688314274,19,0.17070000103558414,18,0.2721999990171753
273,LOW (Manhattan Grid),42430673,1533280147,698.3279677674195,35,0.14100000043981709,87.75193025429641,15,0.10579999798210338,15,0.170899998920504,13,0.23970000256667845
274,LOW (Manhattan Grid),12153915853,62915536,239.83041642846985,10,0.035700002626981586,31.50493067900731,9,0.05249999958323315,9,0.0805000017862767,9,0.13210000179242343
275,LOW (Manhattan Grid),42430347,42432706,1099.15963218875,28,0.109200002043508,119.28467796646606,13,0.0684000006003771,13,0.10789999942062423,10,0.14020000162418
276,LOW (Manhattan Grid),42438672,42456568,1471.3572063852955,45,0.17219999790540896,152.36836248609407,17,0.10329999713576399,15,0.13929999840911478,15,0.23530000180471689
277,LOW (Manhattan Grid),42455662,6177439750,509.04625029727083,30,0.10729999848990701,78.5277439484522,17,0.10019999899668619,17,0.16549999782000668,17,0.2796000007947441
278,LOW (Manhattan Grid),42445976,4207913309,2638.8713247585706,280,1.053799998771865,320.43162062727737,39,0.2506000018911436,39,0.39340000148513354,39,0.6620999993174337
279,LOW (Manhattan Grid),42430694,42430352,1368.417916283676,21,0.08519999755662866,122.77543780320516,7,0.046399996790569276,7,0.06800000119255856,7,0.11970000196015462
280,LOW (Manhattan Grid),42430680,42428227,1858.15888209326,202,0.7398000016110018,232.14021294132567,75,0.3685000010591466,69,0.5163999994692858,27,0.40580000131740235
281,LOW (Manhattan Grid),42442918,42434959,267.7081823931293,11,0.04360000093583949,33.38352267097498,5,0.03229999856557697,5,0.05189999865251593,5,0.08580000212532468
282,LOW (Manhattan Grid),42428315,42440153,758.7823735152222,27,0.10130000009667128,88.00868035171871,13,0.06659999780822545,9,0.08090000119409524,9,0.1336999994236976
283,LOW (Manhattan Grid),42435710,42432703,842.2363337720561,25,0.10320000001229346,96.10458428214177,12,0.07329999789362773,12,0.11859999722219072,12,0.21360000027925707
284,LOW (Manhattan Grid),42430295,42445033,1945.6756946125147,278,1.1255999997956678,246.0657188330944,77,0.4208999998809304,71,0.5870999993931036,60,0.8186999984900467
285,LOW (Manhattan Grid),42435702,42442939,1842.9890644941047,197,0.764199998229742,215.08113303483748,34,0.1975999985006638,29,0.2666000000317581,25,0.38300000232993625
286,LOW (Manhattan Grid),561042195,42427762,1560.6844540253023,199,0.7704999989073258,192.9215970428236,48,0.26839999918593094,47,0.4059999992023222,47,0.656100000924198
287,LOW (Manhattan Grid),42435657,42445033,1155.8716676781444,69,0.27999999656458385,139.8850889517275,23,0.1446999995096121,20,0.19100000281468965,20,0.3245999978389591
288,LOW (Manhattan Grid),42435702,42437379,1372.5896327492073,105,0.3916000023309607,168.9759627119291,36,0.19210000027669594,22,0.18619999900693074,22,0.30359999800566584
289,LOW (Manhattan Grid),11337295598,13233711092,1943.8415148285246,305,1.1483000016596634,259.6969703290954,87,0.5229000016697682,79,0.6969000023673289,56,0.8470000029774383
290,LOW (Manhattan Grid),42428579,42434810,2887.1363124962377,262,0.9867999979178421,302.0444811192215,91,0.4929999995511025,72,0.5951000021013897,72,1.0540000002947636
291,LOW (Manhattan Grid),42427427,9421943093,1250.1697983434933,71,0.2625999986776151,155.291335421319,55,0.3131000012217555,48,0.40699999954085797,41,0.6027000017638784
292,LOW (Manhattan Grid),596775900,6166413694,1495.6622991015633,148,0.5861999998160172,179.0906612635413,59,0.3471000018180348,49,0.4429000000527594,45,0.6917999999132007
293,LOW (Manhattan Grid),596775930,42435716,1183.3640054769248,77,0.2824000002874527,139.8836689044902,24,0.13760000001639128,22,0.19220000103814527,22,0.32139999893843196
294,LOW (Manhattan Grid),42430363,6223969260,1603.9668126650804,210,0.8095000011962838,211.1110398167767,50,0.31260000105248764,38,0.38159999894560315,35,0.6073999975342304
295,LOW (Manhattan Grid),42445310,42435677,1762.08966638717,129,0.5823999999847729,196.9395990488014,26,0.1650000012887176,26,0.24230000053648837,26,0.47479999921051785
296,LOW (Manhattan Grid),42449961,42430736,2305.085817145562,158,0.6828999976278283,234.3987499927787,49,0.274499998340616,49,0.4034000012325123,39,0.5748000003222842
297,LOW (Manhattan Grid),42433611,3639382767,904.2593147531835,28,0.12539999806904234,94.2973864821893,12,0.08289999823318794,10,0.10230000043520704,10,0.1857999995991122
298,LOW (Manhattan Grid),42428223,12153915853,2603.790423004233,408,1.6020000002754387,384.8565010560129,187,0.9809000002860557,178,1.3703000004170462,42,0.7070999999996275
299,LOW (Manhattan Grid),42436707,42428307,1321.334803987167,80,0.31119999766815454,142.99324987222755,13,0.08150000212481245,13,0.12419999984558672,13,0.21360000027925707
300,LOW (Manhattan Grid),42440456,42434465,2275.5138279740127,426,1.6854999994393438,300.9853238337888,126,0.7366999998339452,115,1.1272999981883913,89,1.3600000020232983
301,LOW (Manhattan Grid),42451674,42446977,1145.865965219303,139,0.5389999969338533,177.74866874261846,32,0.18850000196835026,32,0.2872000004572328,32,0.5363999989640433
302,LOW (Manhattan Grid),42430292,42423836,1435.5588260196234,134,0.5137000007380266,178.14413132640416,34,0.19109999993816018,34,0.28449999808799475,18,0.28929999825777486
303,LOW (Manhattan Grid),42436510,42426851,2078.3231862815214,220,0.813000002381159,257.89595741957544,57,0.3214999996998813,57,0.4917999976896681,57,0.8218000002671033
304,LOW (Manhattan Grid),42445653,42430378,1497.895290482242,171,0.6795999979658518,178.1467276700221,50,0.2708000029087998,22,0.20600000061676838,22,0.3577999996196013
305,LOW (Manhattan Grid),42453630,42440459,2795.7074787482393,420,1.723200002743397,365.36161350094636,211,1.088299999537412,154,1.2179999976069666,137,1.7781999995349906
306,LOW (Manhattan Grid),42430688,42455929,2752.606674543898,244,0.9343999990960583,272.7814783643572,47,0.29039999935775995,40,0.39909999759402126,26,0.41430000055697747
307,LOW (Manhattan Grid),596775985,42440456,885.9816612237156,46,0.1722999986668583,95.23807986195573,22,0.15580000035697594,15,0.1511999980721157,15,0.25150000146823004
308,LOW (Manhattan Grid),3270031002,42427762,2469.3408336476264,364,1.3527000010071788,308.2103945966701,63,0.37760000122943893,58,0.5291000015859026,58,0.9105000026465859
309,LOW (Manhattan Grid),4347550065,561042192,2138.149904570712,255,0.9415999993507285,257.92275554750034,39,0.234499999351101,39,0.3466000016487669,39,0.5713999998988584
310,LOW (Manhattan Grid),42443614,42448317,290.66126402674615,10,0.04070000068168156,49.79182700399597,7,0.04400000034365803,7,0.060599999414989725,7,0.10309999925084412
311,LOW (Manhattan Grid),42428287,42445936,1182.0356391257417,80,0.30950000291340984,147.50750449289546,23,0.14069999815546907,23,0.21519999791053124,19,0.30079999851295725
312,LOW (Manhattan Grid),42430685,42435654,953.5409491758207,77,0.2826000018103514,130.66084278433144,30,0.1609999999345746,24,0.2082999999402091,19,0.28199999724165536
313,LOW (Manhattan Grid),42430633,42454010,2766.2585240098233,216,0.8258999987447169,272.00449569827225,59,0.33940000139409676,51,0.43029999869759195,48,0.7621000004292
314,LOW (Manhattan Grid),42445926,42435253,1576.3957454146578,186,0.7045999991532881,194.83171352156887,45,0.25660000028437935,35,0.32360000113840215,27,0.41000000055646524
315,LOW (Manhattan Grid),42430688,42443563,315.4550057441385,5,0.019400002202019095,38.520992509099386,4,0.021199997718213126,4,0.0332000017806422,4,0.05610000152955763
316,LOW (Manhattan Grid),42435422,427841050,792.2866315449737,98,0.37060000249766745,143.9128525613138,19,0.10960000145132653,40,0.31709999893791974,26,0.36860000182059593
317,LOW (Manhattan Grid),42445404,11017187936,2493.9665309536886,344,1.3192000005801674,306.70344868068116,106,0.5954999978712294,102,0.8691000002727378,30,0.5357000009098556
318,LOW (Manhattan Grid),596775998,42428283,1949.2046711529724,190,0.7117999994079582,233.6445336009954,48,0.29880000147386454,38,0.3656999979284592,38,0.636500000837259
319,LOW (Manhattan Grid),42431560,42427764,1086.3134983617163,39,0.15269999857991934,111.60701211365834,11,0.06969999958528206,9,0.08879999950295314,9,0.14910000027157366
320,LOW (Manhattan Grid),42445947,596775900,435.784191185138,12,0.051700000767596066,49.77591833097908,7,0.04239999907440506,7,0.06539999958476983,7,0.11240000094403513
321,LOW (Manhattan Grid),42427797,427850840,1237.4237559936034,141,0.7256999997480307,179.86441734491046,26,0.15250000069499947,34,0.29910000012023374,24,0.3924000011465978
322,LOW (Manhattan Grid),42445378,247123611,3008.897261123444,491,1.836600000387989,362.1992082800719,133,0.7458000000042375,129,1.0139999976672698,65,1.0094999997818377
323,LOW (Manhattan Grid),42432458,42445941,1251.224094623304,116,0.4429000000527594,149.6628133678521,19,0.12090000018361025,19,0.1795999996829778,19,0.2987000007124152
324,LOW (Manhattan Grid),4207913309,42435687,1131.245859724062,69,0.2795999971567653,140.88606620959806,19,0.11409999933675863,19,0.1731000011204742,19,0.2868000010494143
325,LOW (Manhattan Grid),5165632724,596775907,2466.9357847916885,401,1.5384999969683122,331.2142873490454,117,0.6419000019377563,105,0.8369999995920807,77,1.0758999997051433
326,LOW (Manhattan Grid),42430691,427840998,1339.5024047713737,100,0.3733000012289267,159.28706053294383,42,0.24809999740682542,42,0.36410000029718503,30,0.4726000006485265
327,LOW (Manhattan Grid),42429974,42452365,2151.8839219793986,224,0.8208999970520381,268.52217974992146,119,0.6240000002435409,92,0.7300999968720134,38,0.727099999494385
328,LOW (Manhattan Grid),42445916,42440452,738.3811728489329,24,0.10000000111176632,78.6243644590428,13,0.08049999814829789,13,0.12220000280649401,13,0.37990000055287965
329,LOW (Manhattan Grid),42430745,42431549,1100.119311407008,23,0.0932000002649147,103.2228671955391,9,0.0627999979769811,9,0.09470000077271834,8,0.3476000019873027
330,LOW (Manhattan Grid),42446945,42435422,1191.0202366000362,99,0.3876000009768177,143.9696485087456,23,0.13620000027003698,23,0.20819999917875975,23,0.3625999997893814
331,LOW (Manhattan Grid),42423885,11017187936,863.1203053074032,45,0.16980000145849772,103.38161739123363,28,0.1559999982418958,28,0.23640000290470198,13,0.22050000188755803
332,LOW (Manhattan Grid),42459114,42430713,2154.876894138235,186,0.6814000007580034,264.41840829124163,102,0.5074000000604428,97,0.7224000000860542,31,0.4579999986162875
333,LOW (Manhattan Grid),42427786,42435422,606.4311347096256,7,0.026300000172341242,66.45208150858069,6,0.03179999839630909,6,0.04850000186706893,6,0.0822000001790002
334,LOW (Manhattan Grid),596775919,42445020,1539.3801517587126,150,0.5706999982066918,177.88216234267858,16,0.09649999992689118,16,0.1432999997632578,16,0.2396000018052291
335,LOW (Manhattan Grid),42446506,42434279,1486.7329355054874,65,0.26110000180779025,163.3683783831087,22,0.1314999972237274,22,0.20290000247769058,22,0.3407000003790017
336,LOW (Manhattan Grid),6177439752,42428313,1136.7007642219578,81,0.3027000020665582,138.4149170331824,15,0.08879999950295314,15,0.13519999993150122,15,0.22480000188807026
337,LOW (Manhattan Grid),42431544,5706568625,991.5428645187915,51,0.20399999993969686,131.13737376311883,25,0.14240000018617138,15,0.13649999891640618,15,0.23689999943599105
338,LOW (Manhattan Grid),1533280147,42445947,2327.348645263132,387,1.4417999991565011,296.35236698124675,34,0.2201000024797395,34,0.39619999733986333,34,0.5555999996431638
339,LOW (Manhattan Grid),42439984,42456683,1556.9700687910643,242,0.9224999994330574,223.71283957820052,43,0.23040000087348744,36,0.311100000544684,36,0.509299999976065
340,LOW (Manhattan Grid),42430704,42455643,624.2358234779749,11,0.04619999890564941,74.68167866697358,9,0.05289999899105169,9,0.08069999967119657,9,0.1373999984934926
341,LOW (Manhattan Grid),6177439750,561042190,2089.9883215434793,124,0.4703999984485563,195.80305882151166,28,0.16789999790489674,28,0.25769999774638563,28,0.4445999984454829
342,LOW (Manhattan Grid),42445656,42442931,380.18339875100685,6,0.023799999326001853,40.40168343841322,5,0.028200000087963417,5,0.04549999721348286,5,0.07790000017848797
343,LOW (Manhattan Grid),42429974,42428570,1271.1001144249478,53,0.18450000061420724,141.40397535538852,25,0.1370999998471234,25,0.20940000104019418,25,0.35179999758838676
344,LOW (Manhattan Grid),595105472,62915525,2989.405542958791,210,0.8027000003494322,296.42057720112336,56,0.28639999800361693,39,0.30530000003636815,32,0.4487000005610753
345,LOW (Manhattan Grid),42449689,42449932,308.0304162945535,21,0.07750000077066943,47.66744188702072,12,0.0790999984019436,12,0.1199000034830533,12,0.20629999926313758
346,LOW (Manhattan Grid),42445365,42430669,1921.6683255965984,202,0.7593000009364914,213.97547008437715,51,0.2806000011332799,51,0.4073999989486765,19,0.30169999809004366
347,LOW (Manhattan Grid),42432598,42437909,2093.1290930565588,141,0.5306000020937063,224.65625771940682,30,0.19269999756943434,30,0.2965000021504238,30,0.5024000020057429
348,LOW (Manhattan Grid),42438881,42438672,2117.341155990885,320,1.2352000012469944,265.1567908797803,30,0.189200000022538,30,0.2886000002035871,30,0.4771999992954079
349,LOW (Manhattan Grid),1825841704,42428307,793.1967151465706,27,0.10750000001280569,74.49800610521473,14,0.08430000161752105,14,0.1315000008617062,14,0.21850000121048652
350,LOW (Manhattan Grid),561042188,42440020,1973.9469223593248,233,0.8907999981602188,237.090135390308,79,0.43739999819081277,46,0.420000000303844,30,0.47419999827980064
351,LOW (Manhattan Grid),1815133244,42440001,598.395779452143,15,0.05819999933009967,69.66710721986166,7,0.04119999721297063,7,0.061899998399894685,7,0.10629999815137126
352,LOW (Manhattan Grid),12154598283,42450434,684.7862067466529,33,0.1264000020455569,79.3289821404978,9,0.05729999975301325,9,0.08630000229459256,9,0.1453000004403293
353,LOW (Manhattan Grid),4443775464,42440463,2239.0078447210335,337,1.3478999971994199,282.05359673065124,203,1.0891999991144985,90,0.7361999996646773,64,0.9229000024788547
354,LOW (Manhattan Grid),42431544,42435716,874.9280428693278,27,0.112599998828955,106.44060761220965,17,0.09619999764254317,9,0.08510000043315813,9,0.13630000103148632
355,LOW (Manhattan Grid),42432444,42435677,1411.985661710685,183,0.7064000019454397,189.38584033250237,15,0.10040000051958486,15,0.1503000021330081,15,0.24340000163647346
356,LOW (Manhattan Grid),42445920,9807801426,1413.4078337290402,127,0.49390000276616774,180.03337399056082,59,0.3516999968269374,16,0.17300000035902485,16,0.2836999992723577
357,LOW (Manhattan Grid),595105538,247123611,3160.165424650782,396,1.4761000020371284,353.1037480892886,165,0.83710000035353,114,0.8604999966337346,44,0.6271000020205975
358,LOW (Manhattan Grid),42443534,42436514,2018.5381040082775,242,0.918699999601813,245.3851263280307,60,0.32860000283108093,59,0.4642999992938712,39,0.6565000003320165
359,LOW (Manhattan Grid),42428332,42449947,1859.8064850086307,252,0.9200000022246968,239.8305434769474,71,0.3896000016538892,51,0.43650000225170515,51,0.7077000009303447
360,LOW (Manhattan Grid),3639382768,11337295601,318.87639403382747,18,0.07289999848580919,55.87917225774708,11,0.06639999992330559,11,0.10340000153519213,11,0.18249999993713573
361,LOW (Manhattan Grid),42443807,42452353,339.9800493513689,14,0.055199998314492404,42.98392228493557,6,0.03279999873484485,6,0.051300001359777525,6,0.08470000102533959
362,LOW (Manhattan Grid),42435660,11017187937,1099.3338518411272,55,0.21949999791104347,126.2986280280416,21,0.13100000069243833,20,0.18840000120690092,11,0.19439999960013665
363,LOW (Manhattan Grid),596775907,1825841693,1170.1653048289627,83,0.3242999991925899,132.5463038434787,26,0.1609999999345746,15,0.15320000238716602,15,0.2792999985103961
364,LOW (Manhattan Grid),427841034,11017186436,1285.7720946729864,125,0.46570000267820433,183.1069279722592,70,0.3704999980982393,65,0.517000000400003,38,0.6313999983831309
365,LOW (Manhattan Grid),427841071,596775919,2482.3009541502597,388,1.4588999983971007,315.7013237507668,121,0.7416000007651746,96,0.8467000006930903,59,0.8976999997685198
366,LOW (Manhattan Grid),42432693,42443614,991.084191053047,80,0.31090000265976414,134.61951086591725,22,0.13720000060857274,22,0.19950000205426477,22,0.37460000021383166
367,LOW (Manhattan Grid),42428305,5131026388,1860.5203702120166,242,0.9360999974887818,230.0798615270129,62,0.36420000105863437,49,0.46440000005532056,45,0.7199000028776936
368,LOW (Manhattan Grid),7280430895,42452353,1712.7299358649284,165,0.6303000009211246,207.245731805613,53,0.3099999994446989,34,0.3133999998681247,27,0.41740000233403407
369,LOW (Manhattan Grid),10594155706,42453630,2318.4327595018826,261,0.9844000014709309,262.99640332154627,51,0.287199996819254,39,0.3456999984337017,36,0.5445999995572492
370,LOW (Manhattan Grid),42438881,42430356,466.64640791121616,5,0.019900002371286973,41.699248451356425,3,0.01630000042496249,3,0.025899997126543894,3,0.04450000051292591
371,LOW (Manhattan Grid),596775870,5706568625,1512.8988452846552,180,0.6649999995715916,189.6074507911112,51,0.28810000003431924,26,0.26499999876250513,26,0.4507000012381468
372,LOW (Manhattan Grid),596775900,42453548,2381.692870399923,265,0.9867000007943716,258.84436209960995,144,0.7479000014427584,52,0.42860000030486844,37,0.5454999991343357
373,LOW (Manhattan Grid),42444051,42440012,1361.4828074617808,119,0.4537999993772246,164.36770811266527,28,0.1573999979882501,20,0.18799999816110358,15,0.23230000078910962
374,LOW (Manhattan Grid),42454495,42445908,744.9666089797042,60,0.23220000002766028,124.53310816891397,16,0.09510000018053688,17,0.19190000239177607,17,0.25240000104531646
375,LOW (Manhattan Grid),42438894,42438547,2201.0001551627583,294,1.0799999981827568,276.9991639760905,35,0.22430000171880238,35,0.3527999979269225,33,0.5482999986270443
376,LOW (Manhattan Grid),12153915836,42445020,953.9433175912542,57,0.21040000137872994,111.95593833212865,18,0.09729999874252826,16,0.14020000162418,14,0.2015999998548068
377,LOW (Manhattan Grid),42434085,1701844698,739.3951176178618,53,0.2027000009547919,102.28039967676766,22,0.13380000018514693,18,0.17870000010589138,18,0.29599999834317714
378,LOW (Manhattan Grid),6636032331,42459114,2986.5358554671357,504,1.857199997175485,370.5911467579494,161,0.9213000012096018,119,1.0279999987687916,115,1.6499000012117904
379,LOW (Manhattan Grid),42434946,1061531429,2204.175119712379,274,1.1154999992868397,256.6303437905321,97,0.5167000017536338,32,0.3003999991051387,32,0.5160000000614673
380,LOW (Manhattan Grid),11252642361,9019680388,165.8891153660103,9,0.037599998904624954,60.02940149500852,7,0.03819999983534217,7,0.062200000684242696,6,0.09469999713473953
381,LOW (Manhattan Grid),42432589,42448811,1180.982399990389,47,0.189200000022538,126.5418296645994,14,0.08069999967119657,11,0.09919999865815043,11,0.17179999849759042
382,LOW (Manhattan Grid),42443570,1061531429,1629.9632872316847,139,0.5180000007385388,203.45770614471618,76,0.39110000216169283,27,0.23549999968963675,27,0.4050999996252358
383,LOW (Manhattan Grid),42449550,42443810,1767.7938493285894,175,0.6576999985554721,216.46238291785622,36,0.21999999808031134,35,0.30759999935980886,32,0.47140000242507085
384,LOW (Manhattan Grid),42428258,4347550071,1924.2327386904697,160,0.6413999981305096,219.32364650496507,69,0.567600000067614,28,0.28899999961140566,28,0.4886999995505903
385,LOW (Manhattan Grid),42434946,42435629,1172.0165225897508,73,0.27830000180983916,148.15291657225146,14,0.08779999916441739,14,0.17640000078245066,14,0.21600000036414713
386,LOW (Manhattan Grid),42430707,42455751,847.6059157373611,55,0.20230000154697336,110.35854212428418,24,0.13269999908516183,24,0.2639999984239694,24,0.32329999885405414
387,LOW (Manhattan Grid),42444991,42437358,1146.9971675560644,31,0.12840000272262841,116.30751590258352,8,0.05369999780668877,8,0.08339999840245582,8,0.13490000128513202
388,LOW (Manhattan Grid),42437693,4443775465,554.4026004593303,12,0.041799998143687844,56.10268527988332,8,0.04690000059781596,7,0.06360000043059699,5,0.07710000136285089
389,LOW (Manhattan Grid),11252642361,42445909,1818.8124400538395,114,0.4453000001376495,196.4144865283915,28,0.15560000247205608,26,0.21610000112559646,25,0.3558000025805086
390,LOW (Manhattan Grid),42453555,42437371,589.3357453939155,28,0.10109999857377261,71.5280612270686,8,0.046700002712896094,8,0.0714999987394549,8,0.12140000035287812
391,LOW (Manhattan Grid),42435702,42428315,232.65143594871466,6,0.022199998056748882,29.296423260942177,4,0.022800002625444904,4,0.03640000068116933,4,0.06049999865354039
392,LOW (Manhattan Grid),11337295608,42445947,1371.9257462739035,121,0.5008000007364899,157.0274435259546,20,0.13609999950858764,20,0.20479999875533395,20,0.3556000010576099
393,LOW (Manhattan Grid),7280430895,561042193,2057.7806198642647,165,0.6347999988065567,223.22162323845964,19,0.10939999992842786,19,0.16559999858145602,19,0.2893999990192242
394,LOW (Manhattan Grid),42443563,42432847,2143.4914853230434,297,1.1169999997946434,260.3654112076525,88,0.49759999819798395,82,0.6797999994887505,58,0.8241999967140146
395,LOW (Manhattan Grid),11003445421,561042191,876.0261447733258,80,0.29859999995096587,130.3458467424858,23,0.14510000255540945,23,0.22610000087297522,23,0.3818000004685018
396,LOW (Manhattan Grid),561042188,42442948,1247.710666628754,164,0.6057999999029562,176.64481314685676,41,0.23359999977401458,41,0.3550000001268927,41,0.5875999995623715
397,LOW (Manhattan Grid),427845226,42443528,1774.4521971189242,202,0.756800000090152,241.7868426904033,57,0.3446000009716954,32,0.30020000122021884,38,0.5850000015925616
398,LOW (Manhattan Grid),42430320,42432438,489.8193972424003,8,0.034500000765547156,55.80152396120126,5,0.029400001949397847,5,0.045500000851461664,5,0.07810000170138665
399,LOW (Manhattan Grid),42454428,42430685,1686.894262294544,62,0.2440999996906612,164.60045395886021,13,0.07420000110869296,13,0.11190000077476725,9,0.1373999984934926
400,LOW (Manhattan Grid),42456683,42445917,1528.5590764835572,107,0.40520000038668513,165.37253454487285,46,0.2585000002000015,44,0.3699999979289714,44,0.6623999979638029
401,LOW (Manhattan Grid),593886226,42430375,1750.6862274335128,174,0.6379000005836133,220.9448638522723,66,0.3358999965712428,22,0.21859999833395705,22,0.33290000283159316
402,LOW (Manhattan Grid),42453548,42427477,1718.2970171896873,109,0.4019999978481792,208.79199594127562,24,0.14169999849400483,24,0.2196000023104716,24,0.3744999994523823
403,LOW (Manhattan Grid),61273004,42439955,2082.9177919172357,212,0.7915999995020684,258.22815350923537,38,0.22539999918080866,38,0.3423000016482547,37,0.5641999996441882
404,LOW (Manhattan Grid),42436705,2348991703,2369.496398042508,184,0.7049999985611066,233.58266816401894,55,0.3207000008842442,55,0.4980000012437813,19,0.33179999809362926
405,LOW (Manhattan Grid),42432589,42457788,1441.613667297176,264,0.9649999992689118,243.67478856247612,28,0.1694999991741497,28,0.25070000265259296,28,0.40690000241738744
406,LOW (Manhattan Grid),4347534783,42458333,1954.1442587284992,148,0.5663000010827091,201.0783569687043,45,0.2744000012171455,40,0.38809999750810675,40,0.6372999996528961
407,LOW (Manhattan Grid),42443556,11252642361,1680.2922206046255,108,0.42439999742782675,180.7844706241868,27,0.17010000010486692,22,0.20940000104019418,22,0.3467999995336868
408,LOW (Manhattan Grid),42436511,42430314,1982.5958607465745,151,0.5734000005759299,214.3252037305551,34,0.2162000018870458,30,0.2998000018124003,30,0.51299999904586
409,LOW (Manhattan Grid),42437663,42434465,327.9108541714976,18,0.07269999696291052,49.64191504410684,10,0.06429999848478474,10,0.10029999975813553,10,0.17070000103558414
410,LOW (Manhattan Grid),42445914,42430277,1203.3346863464817,222,0.8846000018820632,216.13531388563646,61,0.3371999991941266,50,0.41910000072675757,44,0.6106000000727363
411,LOW (Manhattan Grid),42445374,42435624,1585.954157996105,217,0.8201999989978503,246.20921090364294,72,0.38470000072265975,66,0.5270000001473818,35,0.5278000026009977
412,LOW (Manhattan Grid),42453005,42434279,2048.5351590482933,277,1.0230000007140916,284.54433981871944,28,0.17759999900590628,28,0.2716000017244369,28,0.44580000030691735
413,LOW (Manhattan Grid),42430352,42435710,782.8098898424499,38,0.14630000077886507,98.98251442913471,22,0.12459999925340526,13,0.12319999950705096,11,0.17699999807518907
414,LOW (Manhattan Grid),42434951,2348991703,2687.8753496671297,501,1.8970000019180588,335.31082645573116,153,0.8382999985769857,148,1.2330999998084735,37,0.6346999980451073
415,LOW (Manhattan Grid),1701844618,42455915,2517.269033885022,198,0.7325999977183528,260.3532902337408,22,0.13270000272314064,22,0.20300000323913991,22,0.34809999851859175
416,LOW (Manhattan Grid),42446506,42434074,1746.1000495610067,120,0.47190000259433873,193.30953085990828,31,0.18840000120690092,16,0.15110000094864517,16,0.24839999969117343
417,LOW (Manhattan Grid),42430333,12153915836,1861.5886813992463,229,0.8744000006117858,228.94710130253924,77,0.4422000019985717,73,0.6223999989742879,25,0.45089999912306666
418,LOW (Manhattan Grid),42445027,42454006,2339.9724524708868,349,1.3336999982129782,280.3853671245648,46,0.29720000020461157,40,0.3756000005523674,39,0.634599997283658
419,LOW (Manhattan Grid),42439960,42445374,1077.9877732477394,37,0.1517000018793624,115.27149718194066,13,0.08340000204043463,13,0.12450000212993473,13,0.2037999984167982
420,LOW (Manhattan Grid),42442948,593886226,523.9713087952226,11,0.055599997722310945,60.85827914432269,9,0.06119999670772813,9,0.09620000128052197,9,0.16540000069653615
421,LOW (Manhattan Grid),596775900,561042190,1520.6655568634692,81,0.3235000003769528,143.2684202398731,19,0.11170000288984738,19,0.16799999866634607,19,0.2902999985963106
422,LOW (Manhattan Grid),42450434,42449938,2396.857428028897,354,1.3343999999051448,290.8679060442468,30,0.1832999987527728,30,0.2734000008786097,30,0.4549999976006802
423,LOW (Manhattan Grid),42440453,42444928,2442.9168363791337,379,1.443599998310674,300.92024153986415,34,0.21249999917927198,34,0.3499999984342139,34,0.525999999808846
424,LOW (Manhattan Grid),596775946,4347534767,364.5980743731689,19,0.0748999991628807,48.94600364199218,10,0.056799999583745375,9,0.08580000212532468,9,0.13389999730861746
425,LOW (Manhattan Grid),42430344,6223969260,1047.6792559947257,85,0.3437999985180795,147.21903323751258,29,0.1795999996829778,26,0.2590000003692694,24,0.4092999988642987
426,LOW (Manhattan Grid),42450814,42428305,2001.485029678787,255,0.9548999987600837,262.35193744513833,63,0.36639999962062575,63,0.5495000004884787,45,0.6577999993169215
427,LOW (Manhattan Grid),42440934,42423020,2700.769842407714,419,1.5437000001838896,328.4132580257945,39,0.23259999943547882,39,0.3494000011414755,39,0.6010999968566466
428,LOW (Manhattan Grid),42437909,12153915856,2354.908938548743,213,0.8286999982374255,308.72081007142225,137,0.738800001272466,132,1.0597000000416301,35,0.6049000003258698
429,LOW (Manhattan Grid),42435687,42430295,1619.9926284267533,137,0.5264999999781139,199.69001989545362,54,0.2986999970744364,36,0.3188999980920926,31,0.4580000022542663
430,LOW (Manhattan Grid),1825841742,9140924713,1120.908762588038,56,0.2153999994334299,132.86905129012132,34,0.19579999934649095,33,0.293100001726998,14,0.2466000005370006
431,LOW (Manhattan Grid),4347534783,42445936,515.1458576081518,15,0.057600002037361264,57.915651484415605,9,0.05310000051395036,9,0.07990000085555948,9,0.13620000027003698
432,LOW (Manhattan Grid),42423674,42435253,415.7466794237268,10,0.03860000288113952,48.820996839938374,12,0.0610999995842576,9,0.07390000246232376,9,0.12680000145337544
433,LOW (Manhattan Grid),42433620,42445011,489.97117751506397,10,0.04329999865149148,60.91206854886749,9,0.05410000085248612,7,0.06510000093840063,7,0.11239999730605632
434,LOW (Manhattan Grid),42438889,596775998,1137.5111234703459,53,0.20769999900949188,115.57553905199332,22,0.1353999978164211,21,0.24219999977503903,21,0.35120000029564835
435,LOW (Manhattan Grid),100522741,42452973,862.3052396625602,71,0.28040000324836,114.42419403764802,19,0.11380000069038942,19,0.17689999731373973,17,0.31039999885251746
436,LOW (Manhattan Grid),3270031031,10594155706,1598.7892907083308,196,0.7261999999172986,217.4633899119599,56,0.3423999987717252,49,0.47220000124070793,35,0.6260999980440829
437,LOW (Manhattan Grid),42435654,42434085,1441.6831163386432,102,0.4022000030090567,169.0641038502671,39,0.22009999884176068,33,0.28529999690363184,32,0.4659999976865947
438,LOW (Manhattan Grid),42439955,42430282,697.4386902249661,17,0.07819999882485718,81.92504051995584,10,0.058499997976468876,10,0.08879999950295314,10,0.15279999934136868
439,LOW (Manhattan Grid),42435675,3639382769,1126.3921918301755,43,0.17460000162827782,119.30861285854506,16,0.10210000255028717,16,0.16790000154287554,13,0.22780000290367752
440,LOW (Manhattan Grid),427841034,42434951,1532.0151053811794,103,0.39399999877787195,174.92382456711746,27,0.1602000011189375,27,0.23750000036670826,23,0.3527999979269225
441,LOW (Manhattan Grid),42446488,42435707,1413.200725506442,177,0.6844000017736107,191.5277242660535,41,0.23299999884329736,27,0.2547999974922277,27,0.4211000014038291
442,LOW (Manhattan Grid),42443950,12154598280,2094.2931359173317,305,1.1505000002216548,256.7038584723486,77,0.43309999819030054,73,0.6307000003289431,34,0.5796000004920643
443,LOW (Manhattan Grid),596775919,42427787,2053.074966266502,203,0.7760000007692724,221.07112165280572,41,0.24359999952139333,31,0.287499999103602,31,0.49059999946621247
444,LOW (Manhattan Grid),12154598283,42438547,2043.2052497257275,218,0.8052000011957716,256.8286580840894,115,0.5745999987993855,107,0.8330000018759165,71,0.9325000028184149
445,LOW (Manhattan Grid),42437358,42439984,609.5358153031314,24,0.10239999755867757,81.34760953846005,9,0.058999998145736754,9,0.09710000085760839,9,0.14559999908669852
446,LOW (Manhattan Grid),4461990857,6166333257,1365.5955103379597,139,0.5242999977781437,192.8193247267624,55,0.3253999966545962,53,0.5192000025999732,45,0.7036000024527311
447,LOW (Manhattan Grid),5706568771,42430747,1683.264487665729,80,0.31040000249049626,172.6089460820952,21,0.13279999984661117,21,0.2037999984167982,16,0.2624000007926952
448,LOW (Manhattan Grid),427842140,427841034,111.82897212887144,11,0.04229999831295572,28.969590932008938,8,0.0411000000895001,8,0.06620000203838572,8,0.10580000162008218
449,LOW (Manhattan Grid),42435684,42430298,1473.3877639185869,122,0.47679999988758937,185.76689710893598,41,0.2305999987584073,39,0.33650000113993883,39,0.5430999990494456
450,LOW (Manhattan Grid),42428272,42444049,1049.036146183751,118,0.465299999632407,165.40573997684248,30,0.1781999999366235,30,0.2733000001171604,28,0.41570000030333176
451,LOW (Manhattan Grid),42433625,42445924,1478.2907872731234,133,0.518299999384908,180.1590501484837,24,0.15440000061062165,16,0.16070000128820539,16,0.2688999993551988
452,LOW (Manhattan Grid),42444933,42428579,2958.699705788184,239,0.8803999990050215,302.02932783626096,135,0.8278000022983178,46,0.44130000242148526,46,0.7241000021167565
453,LOW (Manhattan Grid),62915527,42428283,1408.7383434671485,82,0.3045999983442016,162.42440675475473,15,0.09539999882690609,15,0.13350000153877772,15,0.21700000070268288
454,LOW (Manhattan Grid),42440012,42444954,1695.3290452468352,126,0.4952000017510727,192.43772375018494,26,0.19100000281468965,26,0.25069999901461415,26,0.4146000028413255
455,LOW (Manhattan Grid),42437686,42452975,1488.6314096291542,108,0.4029000010632444,182.9267951147746,23,0.14290000035543926,23,0.20909999875584617,17,0.26280000020051375
456,LOW (Manhattan Grid),427850840,42434074,1517.9751937074386,105,0.4043000008095987,176.34104297875146,26,0.15870000061113387,16,0.15110000094864517,16,0.2454999994370155
457,LOW (Manhattan Grid),42432703,42434077,1377.520142091721,49,0.19420000171521679,144.51356869041538,11,0.06310000026132911,10,0.08819999857223593,10,0.14590000137104653
458,LOW (Manhattan Grid),42440170,42435671,726.9294295416291,19,0.07610000102431513,91.99307369404453,11,0.06609999763895757,11,0.10169999950448982,11,0.167199999850709
459,LOW (Manhattan Grid),42456683,42430347,1321.1498779952997,93,0.35369999750400893,156.8757205248025,27,0.15559999883407727,27,0.23520000104326755,27,0.38950000089243986
460,LOW (Manhattan Grid),42438547,3270031030,1140.97519846735,79,0.29550000181188807,156.00039488362825,39,0.22760000138077885,38,0.3281999997852836,33,0.499999998282874
461,LOW (Manhattan Grid),4544455460,42445926,1082.6433221390619,57,0.2193000000261236,135.25508667541666,15,0.08890000026440248,15,0.14100000043981709,15,0.2274999969813507
462,LOW (Manhattan Grid),5165632724,42430669,480.17475858646725,28,0.10650000331224874,100.11133572675581,24,0.11900000026798807,24,0.17939999816007912,14,0.19769999926211312
463,LOW (Manhattan Grid),42445651,42435687,1397.6378335894235,153,0.8406000015384052,176.81515525354212,40,0.23880000298959203,31,0.2860999993572477,28,0.42659999962779693
464,LOW (Manhattan Grid),42440453,42435253,1402.153287048787,147,0.816399999166606,173.3983513940206,26,0.145500001963228,21,0.18970000019180588,21,0.3104999996139668
465,LOW (Manhattan Grid),12989986304,1825841704,943.7568156600998,17,0.11060000178986229,107.02457969608257,16,0.09830000271904282,16,0.1536999989184551,16,0.26760000037029386
466,LOW (Manhattan Grid),561042199,42445914,158.30015196386918,9,0.050099999498343095,29.428717383053982,8,0.03980000110459514,7,0.05520000195247121,7,0.09199999840348028
467,LOW (Manhattan Grid),42434429,42428305,1136.69645441361,87,0.5251000002317596,140.61990668812496,17,0.10720000136643648,17,0.16709999908925965,17,0.2826000018103514
468,LOW (Manhattan Grid),1533280147,42430736,1569.3787788401473,148,0.8368000017071608,187.705390417182,54,0.2868000010494143,51,0.4034999983559828,37,0.5371000006562099
469,LOW (Manhattan Grid),1825841704,42442933,2309.4319147192236,302,1.3385999991442077,278.0136790951728,42,0.2563999987614807,41,0.38499999936902896,41,0.6424999992304947
470,LOW (Manhattan Grid),42428232,596775946,2311.728789965189,253,1.0153000002901535,263.0953871478714,97,0.547699997696327,54,0.514600000315113,47,0.7660000010218937
471,LOW (Manhattan Grid),42442947,42430685,2517.5911958778424,116,0.4626000009011477,224.97167134816615,43,0.24710000070626847,31,0.26339999749325216,12,0.19770000290009193
472,LOW (Manhattan Grid),42426851,358447541,2684.998638400264,357,1.3431000006676186,360.34895809271273,158,0.8013999977265485,133,0.9896000010485295,82,1.4327999997476581
473,LOW (Manhattan Grid),42446363,42440452,1408.5142868266134,37,0.15430000348715112,132.7289020857208,12,0.06589999975403771,11,0.09409999984200113,11,0.152900000102818
474,LOW (Manhattan Grid),42446998,3275488116,2483.9255485872964,465,1.788400000805268,323.2115925231091,200,1.1059000025852583,35,0.3781000013987068,35,0.6868000018585008
475,LOW (Manhattan Grid),42445664,42430375,1635.2731334623854,220,0.8120000020426232,205.33059642757036,87,0.46490000022458844,23,0.22339999850373715,23,0.374700000975281
476,LOW (Manhattan Grid),561042197,42438894,917.8423486655464,116,0.43449999793665484,128.2553187920197,16,0.08969999908003956,16,0.1419000000169035,16,0.23489999875891954
477,LOW (Manhattan Grid),42446977,1825841693,1751.4347121226015,307,1.1621000012382865,252.93689041975702,137,0.7427999989886303,64,0.6213000015122816,60,1.0201000004599337
478,LOW (Manhattan Grid),42445001,1061531447,1765.0468877138362,167,0.6436000003304798,208.87892160572721,63,0.35519999801181257,33,0.30020000122021884,33,0.541599998541642
479,LOW (Manhattan Grid),42427805,42440012,1916.7600661631043,198,0.7492999975511339,234.88155457258674,41,0.23370000053546391,31,0.2967000000353437,30,0.46160000056261197
480,LOW (Manhattan Grid),4491359481,42455929,2224.1579044588384,254,1.067900000634836,244.9628912697999,110,0.6114999996498227,76,0.6343999993987381,49,0.6844000017736107
481,LOW (Manhattan Grid),42430314,42440022,1625.6392062514653,78,0.3283000005467329,167.9730572966663,28,0.16260000120382756,24,0.2874000019801315,24,0.3628000013122801
482,LOW (Manhattan Grid),42427805,42421969,2580.896979562127,163,0.6436000003304798,257.3601493701672,84,0.47389999963343143,36,0.46179999844753183,36,0.5634999979520217
483,LOW (Manhattan Grid),6636032331,42445025,1503.8618907599503,109,0.40520000038668513,179.37409243832656,62,0.3404000017326325,53,0.6271000020205975,37,0.5096999993838836
484,LOW (Manhattan Grid),1061531429,596775914,1375.8155936169142,91,0.3404000017326325,154.92585750687792,22,0.12459999925340526,21,0.2978999982587993,21,0.29999999969732016
485,LOW (Manhattan Grid),42453999,42453548,2678.9137979627526,271,1.0213999994448386,273.32049174656476,110,0.5923999997321516,76,0.7291000001714565,38,0.6733000009262469
486,LOW (Manhattan Grid),42431563,42454006,2736.5637606726627,411,1.5493999999307562,329.21865728006736,64,0.37599999996018596,59,0.5249999994703103,59,1.1228000003029592
487,LOW (Manhattan Grid),42421969,42430669,1810.548812771283,148,0.550599997950485,231.5442366524119,53,0.2902000014728401,54,0.42439999742782675,31,0.5683999988832511
488,LOW (Manhattan Grid),596775941,62915527,2420.0450062562777,308,1.12269999954151,288.4695997151828,116,0.6070999988878611,112,0.8680999999342021,98,1.2376000013318844
489,LOW (Manhattan Grid),42436510,427841011,2260.402441393172,382,1.4014999978826381,312.19750323898734,204,1.0828000013134442,39,0.3482000029180199,39,0.5516999990504701
490,LOW (Manhattan Grid),11017187936,42445917,2073.905336089516,199,0.7451000019500498,232.26932008647032,49,0.26190000062342733,41,0.32700000156182796,25,0.36109999928157777
491,LOW (Manhattan Grid),561042197,42440153,896.8411535222948,91,0.35170000046491623,123.88391317187339,25,0.13310000213095918,22,0.18319999799132347,22,0.3020000003743917
492,LOW (Manhattan Grid),42432585,42457788,1337.7191793653808,258,0.9551000002829824,235.99708728659533,25,0.15359999815700576,25,0.22900000112713315,25,0.36249999902793206
493,LOW (Manhattan Grid),42434427,42434807,874.4022120396462,52,0.20640000002458692,109.94031855549366,31,0.16879999748198316,17,0.16120000145747326,13,0.21610000112559646
494,LOW (Manhattan Grid),11003445421,42448379,1248.084711905229,42,0.15659999917261302,144.83062934427014,19,0.0976999981503468,19,0.14759999976377003,19,0.2485999975760933
495,LOW (Manhattan Grid),42434271,42430688,2091.0043244581793,181,0.667500000417931,259.40099864548944,115,0.580299998546252,110,0.8138000011967961,62,1.0402000007161405
496,LOW (Manhattan Grid),42437371,593886226,2438.504282884799,125,0.5033000015828293,225.3155587626249,38,0.2372999988438096,29,0.2753000007942319,25,0.558600000658771
497,LOW (Manhattan Grid),42430707,42445651,2071.3559056052513,276,1.0335000006307382,260.80963193579623,43,0.2482999989297241,39,0.3402999973332044,33,0.6566999982169364
498,LOW (Manhattan Grid),42443807,42435677,1127.100915162405,50,0.19290000273031183,119.7834503334578,11,0.06660000144620426,11,0.09919999865815043,9,0.18339999951422215
499,LOW (Manhattan Grid),42431556,62915549,1559.0398747915106,158,0.5723999965994153,198.08504263389784,34,0.18849999833037145,34,0.27879999834112823,33,0.5406999989645556
500,LOW (Manhattan Grid),42437693,42434810,596.6527151473699,22,0.08499999967170879,84.23728462608655,18,0.12340000102994964,11,0.09299999874201603,9,0.13800000306218863
501,MEDIUM (Paris Core),178760810,153501555,4791.842949876676,1943,9.09250000040629,776.5687411293018,843,4.997399999410845,556,5.800899998575915,77,1.6180999991775025
502,MEDIUM (Paris Core),367999,25272913,3864.454886886398,1459,6.673700001556426,682.7096180181804,539,2.882500000850996,234,2.9828000006091315,233,3.8381999984267168
503,MEDIUM (Paris Core),24959083,439900528,3398.564842941644,993,4.4096999990870245,495.19274568522536,179,1.170399998954963,129,1.4902000002621207,73,1.20009999955073
504,MEDIUM (Paris Core),13101405454,368243,2958.6317684519045,622,2.5014999991981313,400.61058081995577,242,1.384499999403488,38,0.5037000009906478,38,0.6257999993977137
505,MEDIUM (Paris Core),25272913,117100909,3706.6096698016695,1071,4.455599999346305,531.121924760702,208,1.1149999991175719,156,1.9649999994726386,140,1.8191000017395709
506,MEDIUM (Paris Core),26401666,123479622,2082.1398480563644,542,2.2406000025512185,379.44033184612556,134,0.7382000003417488,134,1.4102999994065613,132,1.7098999996960629
507,MEDIUM (Paris Core),123249015,36593255,5145.4498389837145,1861,7.267000000865664,826.9713029730292,377,2.2439999993366655,368,3.8869000018166844,279,3.6379999983182643
508,MEDIUM (Paris Core),94137693,24984641,3290.8345072685406,897,3.206800000043586,489.2180010235633,147,0.8108999973046593,86,1.468499998736661,71,1.0101999978360254
509,MEDIUM (Paris Core),213166708,25255898,3575.466912005702,1339,5.564300001424272,666.9792961710586,110,0.7924999990791548,110,1.9534000020939857,109,1.804300001822412
510,MEDIUM (Paris Core),169319602,8542126456,1100.5888156033477,203,0.7814000018697698,190.6170706505643,75,0.5258999990473967,48,0.9411000028194394,40,0.6790000006731134
511,MEDIUM (Paris Core),94138036,36600643,3473.3121690945013,1321,4.986100000678562,569.5453005915173,317,1.905500001157634,222,3.062700001464691,169,2.2874999995110556
512,MEDIUM (Paris Core),8580043702,153514849,3041.0020365035734,865,3.180600000632694,458.9015861394081,434,2.285499998833984,129,1.503199997387128,91,1.3546999980462715
513,MEDIUM (Paris Core),25671389,25256089,2744.9116027120085,851,3.2356000010622665,444.7517676127181,133,0.7442999994964339,125,1.2970000025234185,124,1.7963000027521048
514,MEDIUM (Paris Core),4468710875,94161173,1980.8705313273947,239,0.9255999975721352,276.40502983043854,67,0.4368999980215449,67,0.9775999969861005,55,0.9117999979935121
515,MEDIUM (Paris Core),34909033,25183384,2583.450676372099,673,2.4484999994456302,438.8275365136415,467,2.5768000014068093,431,4.718399999546818,242,3.2702999997127336
516,MEDIUM (Paris Core),302576347,152738274,2165.0529132820743,262,0.9790000003704336,326.1410496146328,117,0.6941999999980908,97,1.238300003024051,92,1.3030999980401248
517,MEDIUM (Paris Core),24984454,94138857,2967.3159637361327,875,3.2739999987825286,452.4621141318939,172,1.1357999974279664,135,1.530800000182353,120,1.6452999989269301
518,MEDIUM (Paris Core),94151968,10148228269,3334.086361441425,994,3.778900001634611,564.7198071643408,371,2.2451000004366506,139,1.5788999990036245,124,2.1487999983946793
519,MEDIUM (Paris Core),2436687898,21732939,4371.659991694688,1619,5.742200002714526,734.6209958791535,297,1.8423000001348555,260,3.2008999987738207,188,3.1273999993572943
520,MEDIUM (Paris Core),332951231,11368027202,1614.8363494032858,471,1.7569999981787987,343.3421770335875,227,1.4286000005085953,32,0.5001999998057727,32,0.6246999982977286
521,MEDIUM (Paris Core),26401823,123482364,2065.8142407350274,566,2.0124000002397224,379.6805164042498,82,0.5046000005677342,79,1.1029999986931216,78,1.1980999988736585
522,MEDIUM (Paris Core),25102203,235014152,3543.648103215114,1697,6.154399998195004,634.9998165428713,364,2.0624999997380655,232,2.6649999999790452,217,2.8539999984786846
523,MEDIUM (Paris Core),207281261,25031259,2256.9208896030736,499,1.9893999997293577,368.87066551707136,106,0.6129000030341558,94,1.0441000013088342,45,0.7434000035573263
524,MEDIUM (Paris Core),2035302,178764278,3536.301908282226,1068,4.74709999980405,534.4260356117346,268,1.4518000025418587,199,1.9664999999804422,131,1.7947000014828518
525,MEDIUM (Paris Core),25272949,13408638101,3192.9572642998173,844,3.309600000648061,483.9330720872031,530,3.4615999975358136,75,0.8621999986644369,75,1.1747999997169245
526,MEDIUM (Paris Core),169319602,218267571,3037.001274204035,991,3.9783000029274262,489.49143561406794,201,1.0542000018176623,200,1.8660000023373868,181,2.241800000774674
527,MEDIUM (Paris Core),25031316,21292407,1710.2221963587638,271,1.1587000008148607,253.09124482235686,61,0.36130000080447644,21,0.2992000008816831,21,0.3907999998773448
528,MEDIUM (Paris Core),11105022047,248492214,3528.991466364674,1480,5.946400000539143,596.0262327619479,732,3.821400001470465,229,2.2850999994261656,240,3.0125000012048986
529,MEDIUM (Paris Core),153500988,207291586,712.289274431709,168,0.6795000008423813,187.8339247771512,56,0.29940000240458176,48,0.46490000022458844,36,0.5302999998093583
530,MEDIUM (Paris Core),398773,169336088,3076.6064020246713,944,3.6646000007749535,502.6715498096921,279,1.5591999981552362,234,2.3025999980745837,156,2.2306999999273103
531,MEDIUM (Paris Core),123457134,213201643,1641.7177128681171,268,1.1085000005550683,314.28313055110107,57,0.37849999716854654,32,0.3969999997934792,32,0.4902000000583939
532,MEDIUM (Paris Core),243854424,25207331,1465.2217735360587,298,1.0628999989421573,339.50773419997563,105,0.5763000008300878,66,0.5944000004092231,62,0.7317000017792452
533,MEDIUM (Paris Core),25272930,5775894624,3325.698593453524,1165,4.5968000013090204,589.1737503912742,133,0.9896000010485295,113,1.218400000652764,113,1.7943999991985038
534,MEDIUM (Paris Core),25254925,244582108,3113.7762094559753,676,2.495099997759098,403.87122645266743,146,0.8683999985805713,131,1.4506000006804243,110,1.5329000016208738
535,MEDIUM (Paris Core),60913509,24958041,3774.3335106757263,1440,5.594999998720596,624.1068141667712,438,2.7532999993127305,286,2.5864000017463695,245,3.0479999986710027
536,MEDIUM (Paris Core),94175164,25253715,2695.2482440363074,531,1.9316000034450553,451.2632476665494,44,0.3044000004592817,44,0.5095000014989637,44,0.6938000005902722
537,MEDIUM (Paris Core),368140,12140425572,2803.753483848845,800,3.1715000004624017,435.2145202467165,210,1.368400000501424,199,1.9737000002351124,199,2.9235999973025173
538,MEDIUM (Paris Core),202817910,7470171527,2558.1266251107,817,3.098500001215143,464.2269186436472,100,0.6070999988878611,66,0.8527999998477753,63,1.1664000012387987
539,MEDIUM (Paris Core),368079,25095598,3370.7012564159395,493,1.9055999982811045,475.88790369599263,166,0.9417000001121778,143,1.346400000329595,37,0.5856999996467493
540,MEDIUM (Paris Core),361060,25009234,2426.385011192036,623,2.422199999273289,369.2625732298738,184,1.0177999974985141,138,1.2472999987949152,112,1.448700000764802
541,MEDIUM (Paris Core),25183183,24959083,837.130835694885,91,0.33179999809362926,156.16914283281156,25,0.13589999798568897,25,0.24050000138231553,25,0.32920000012381934
542,MEDIUM (Paris Core),361048,21732950,4766.619300992609,2076,8.326799998030765,786.0917926982588,578,3.6843999987468123,379,3.398700002435362,276,3.736499998922227
543,MEDIUM (Paris Core),25253773,1242286080,2685.820955422693,619,2.3342000022239517,465.818773816826,94,0.6503000004158821,84,1.0557999994489364,84,1.310100000409875
544,MEDIUM (Paris Core),510438311,65280686,2473.6170565546718,464,1.7445000012230594,333.71596372736906,144,0.7785000016156118,108,1.187099998787744,68,0.9447999982512556
545,MEDIUM (Paris Core),9429648011,25183384,1107.5139244295142,232,0.9840999991865829,206.11254778523718,141,0.8507000020472333,63,0.5793000018456951,57,0.7174000020313542
546,MEDIUM (Paris Core),25183366,25255449,1160.0840781256315,131,0.49339999895892106,182.56930444376937,52,0.3297000002930872,52,0.5343000011635013,41,0.5926999983785208
547,MEDIUM (Paris Core),25034331,1651614452,1842.622686103306,380,1.4675999991595745,350.3265647120777,142,0.8780999996815808,114,1.1820999970950652,109,1.7879999977594707
548,MEDIUM (Paris Core),25095799,123482367,2999.203650018423,1748,6.590900000446709,591.6693904468609,90,0.5684999996447004,89,0.8778000010352116,86,1.2569999998959247
549,MEDIUM (Paris Core),1841311666,510570015,2894.6731007729386,1064,3.9087999975890853,527.4331445084383,369,2.0390000026964117,40,0.4574000013235491,40,0.6759000025340356
550,MEDIUM (Paris Core),178764205,17809161,3554.9023083374104,627,2.380099998845253,464.95376307916445,221,1.3158999972802121,54,0.602299998718081,54,0.8682999978191219
551,MEDIUM (Paris Core),382069,160034963,2026.0258357392024,285,1.0184000020672102,306.47433782766456,80,0.4011999990325421,32,0.3389000012248289,32,0.4579999986162875
552,MEDIUM (Paris Core),94143086,677104497,1843.3039069045283,245,0.9189000011247117,287.87854149690145,33,0.19919999976991676,33,0.6142999991425313,33,0.47679999988758937
553,MEDIUM (Paris Core),94153952,268210893,3907.1154131941644,717,2.630500002851477,577.5928735589142,111,0.7033000001683831,81,1.1688000013236888,81,1.310100000409875
554,MEDIUM (Paris Core),36476106,677104497,2743.001823884314,574,2.6698000001488253,458.24274953474537,135,0.807399999757763,115,1.1696000001393259,115,1.5930000008665957
555,MEDIUM (Paris Core),25253720,164132298,344.22999164808004,70,0.256800001807278,129.17896635715726,31,0.17180000213556923,31,0.3212999981769826,31,0.4560999987006653
556,MEDIUM (Paris Core),35514154,13452859254,1094.1895807276944,124,0.46830000064801425,191.09834065117406,26,0.17440000010537915,26,0.325099998008227,26,0.4445000013220124
557,MEDIUM (Paris Core),25190627,96149590,4044.7259250854936,1568,5.5937000033736695,621.150742780363,285,1.6310999999404885,212,1.9466999983706046,210,2.708099997107638
558,MEDIUM (Paris Core),11955792107,13506342362,3475.6322575398935,1145,4.109099998458987,590.1063664916793,458,2.57650000276044,298,3.000599997903919,251,3.368699999555247
559,MEDIUM (Paris Core),24972209,6375859107,1403.0286930346267,448,1.637600002140971,297.66126395349266,118,0.676499999826774,108,1.199300000735093,77,1.2034999999741558
560,MEDIUM (Paris Core),16820936,25033828,1865.7161242199907,217,0.9119999995164108,324.2850368821676,68,0.4512999985308852,59,0.6365999979607295,53,0.7860000005166512
561,MEDIUM (Paris Core),24984519,178889521,2961.9677335669544,954,3.45010000091861,468.135104817995,145,0.8175999973900616,126,1.257299998542294,92,1.213400002598064
562,MEDIUM (Paris Core),25032702,398789,4116.533095883375,1353,4.9242999994021375,670.0487855159422,520,3.0973000029916875,236,2.2809000001871027,183,2.561600002081832
563,MEDIUM (Paris Core),25273380,178889521,2410.418189889599,445,1.5940000012051314,370.79991687739187,123,0.6781999982194975,87,1.381099998980062,66,0.8404000000155065
564,MEDIUM (Paris Core),94139727,123532977,2583.5915228557965,496,1.801900001737522,365.86933444018666,43,0.2936000018962659,39,0.4676000025938265,39,0.49670000225887634
565,MEDIUM (Paris Core),25253715,1352887831,3694.1751219554344,943,3.7068000019644387,500.4164016871406,381,2.650599999469705,185,2.1306000016920734,156,2.2338999988278374
566,MEDIUM (Paris Core),665070912,24959180,3596.036810338522,1181,4.194900000584312,547.8005670373061,111,0.6797999994887505,125,1.2510999986261595,85,1.0726000000431668
567,MEDIUM (Paris Core),1757697270,987604377,1244.1271502350144,533,1.893799999379553,463.25632133023913,40,0.28949999978067353,40,0.46909999946365133,40,0.6265000010898802
568,MEDIUM (Paris Core),367928,25554694,2740.1390126167407,440,1.5342000006057788,383.3434818289286,48,0.31989999843062833,48,0.5527000030269846,48,0.7173999983933754
569,MEDIUM (Paris Core),94139727,256413458,564.9839495798934,22,0.08920000254875049,83.86437447695357,12,0.11789999916800298,8,0.10370000018156134,8,0.14369999917107634
570,MEDIUM (Paris Core),5041260581,94211139,2529.7607853999184,767,2.674999999726424,414.01743041993006,171,1.0021000016422477,150,1.7241999994439539,117,1.4668000003439374
571,MEDIUM (Paris Core),260382140,96146596,3801.222116466178,1814,6.708300003083423,637.660976787868,78,0.5194000004848931,75,0.9997000015573576,75,1.0632000012265053
572,MEDIUM (Paris Core),25255325,207282654,3551.105455775323,907,3.3602999974391423,496.90028644622015,341,1.9137999988743104,190,1.8589999999676365,160,1.988399999390822
573,MEDIUM (Paris Core),25191291,25256261,1482.589269326656,125,0.4836999978579115,194.67269397812427,35,0.24029999985941686,30,0.3974999999627471,21,0.3634000022429973
574,MEDIUM (Paris Core),5297593444,3161155026,2855.0765209426386,965,3.767600002902327,504.578159299186,127,0.7269000016094651,92,0.9061999990080949,85,1.1823999993794132
575,MEDIUM (Paris Core),94140289,1142990104,3062.386814463141,617,2.5658999984443653,447.7923682410338,88,0.5794000026071444,40,0.48710000191931613,40,0.6508999977086205
576,MEDIUM (Paris Core),361074,151361754,1599.0145474997287,181,0.6553999992320314,242.31876051514288,73,0.552199999219738,25,0.28810000003431924,25,0.3968999990320299
577,MEDIUM (Paris Core),25095688,6400526959,792.0654958221593,67,0.27570000020205043,152.22620733279885,34,0.28509999901871197,27,0.23259999943547882,20,0.26509999952395447
578,MEDIUM (Paris Core),199183487,26588366,1462.0655818565174,205,0.7781999993312638,212.56236284547464,64,0.6326000002445653,19,0.19489999976940453,19,0.27659999977913685
579,MEDIUM (Paris Core),268456615,4720234396,319.208801418336,12,0.048999998398358,51.99844498451355,8,0.05569999848376028,8,0.09659999705036171,8,0.12290000086068176
580,MEDIUM (Paris Core),2389371471,36472844,5775.312378177317,1835,7.259000001795357,912.7594395360426,218,1.7698000010568649,183,2.1866999995836522,134,2.2137999985716306
581,MEDIUM (Paris Core),1165949167,470130,1327.8043289717234,155,0.6046999988029711,181.4912848881302,41,0.3485999986878596,39,0.558299998374423,39,0.6649999995715916
582,MEDIUM (Paris Core),169318491,94142437,1757.7132216575567,508,1.9290999989607371,364.63360900826865,36,0.23800000053597614,36,0.3933000007236842,36,0.5350999999791384
583,MEDIUM (Paris Core),25031209,11444712465,3064.6288326183817,555,2.2568000022147316,432.42304906479626,101,0.6322000008367468,79,0.820400000520749,51,0.8431999995082151
584,MEDIUM (Paris Core),25273191,25273880,706.497095442307,45,0.18199999976786785,103.36934338567161,17,0.13140000010025688,17,0.20709999807877466,14,0.25400000231456943
585,MEDIUM (Paris Core),14956533,470153,4729.16589209489,1013,3.894999998010462,679.36031075825,646,3.8578000021516345,505,4.8304999982065056,209,3.4300999977858737
586,MEDIUM (Paris Core),147024230,1298778129,3985.333234977226,1337,5.2933999977540225,606.5650879292247,374,2.4883000005502254,285,3.0675999987579416,199,3.3460999984527007
587,MEDIUM (Paris Core),94128163,178760888,4414.875793458994,1055,3.916199999366654,740.4771302220736,533,2.981300000101328,346,3.4587000009196345,308,4.256899999745656
588,MEDIUM (Paris Core),94219784,676821316,2397.0363569220963,413,1.5587999987474177,401.08576931710326,52,0.3369000005477574,52,0.6180999989737757,52,0.9719000008772127
589,MEDIUM (Paris Core),5586042521,34097214,4893.235790989185,1291,4.961099999491125,718.3435888648464,405,2.5487999992037658,242,2.5333999983558897,190,2.9064999980619177
590,MEDIUM (Paris Core),25183290,202815391,2686.4757572674343,729,2.6596999996399973,462.10560339114073,41,0.2376000011281576,41,0.41649999911896884,41,0.6164999977045227
591,MEDIUM (Paris Core),153490006,169322498,3174.573539116854,786,2.918300000601448,539.2142843881902,251,1.3569000002462417,196,1.7757999994501006,169,2.299000003404217
592,MEDIUM (Paris Core),243635111,25190668,3792.635850888597,1219,4.318400002375711,619.0008172463527,315,1.7528999997011852,229,2.568300002167234,146,1.937799999723211
593,MEDIUM (Paris Core),36472072,933275665,2028.1620199054364,305,1.2033999992127065,349.0203934706848,61,0.3844999991997611,56,0.6460999975388404,52,0.8428000001003966
594,MEDIUM (Paris Core),411256178,123457133,2396.8731863338044,1206,4.758099999889964,527.8035087308325,60,0.31149999995250255,59,0.5242000006546732,59,0.751499999751104
595,MEDIUM (Paris Core),1352887875,24972373,2651.5480946882485,700,2.6906999992206693,416.27007545342764,290,1.670500001637265,223,2.1415000010165386,125,1.8874000015784986
596,MEDIUM (Paris Core),252682761,3403646375,1423.6329272681553,209,0.7924000019556843,273.4506220811865,39,0.26509999952395447,38,0.4654000003938563,38,0.7368000005953945
597,MEDIUM (Paris Core),355325465,174978695,2784.711712571987,739,2.683499998965999,450.86958745153703,152,0.8067000017035753,138,1.2361000008240808,136,1.8440000021655578
598,MEDIUM (Paris Core),676758863,677151951,180.91651901523076,2,0.00670000008540228,21.688269972726964,2,0.009999999747378752,2,0.024400000256719068,2,0.02800000220304355
599,MEDIUM (Paris Core),94151150,11070910848,2618.4289616758456,629,2.2991000005276874,412.191492250257,48,0.30639999749837443,48,0.5514999975275714,48,0.8288999997603241
600,MEDIUM (Paris Core),411256174,174979269,2665.1806775095456,915,3.5090000019408762,519.0451715979143,161,0.8712999988347292,139,1.3373000001593027,138,1.9647000008262694
601,MEDIUM (Paris Core),1714196626,7470171527,2022.367325225778,542,2.048099999228725,358.23515380305724,128,0.7246999994094949,100,1.2346000003162771,58,0.9338999989267904
602,MEDIUM (Paris Core),259637377,21647973,1842.754798866528,298,1.0698999976739287,273.66509336434854,63,0.34869999944930896,46,0.5430999990494456,40,0.6305999995674938
603,MEDIUM (Paris Core),94142433,94141000,1213.0209058616697,99,0.38049999784561805,188.7558265687817,26,0.14540000120177865,26,0.27520000003278255,26,0.3698999971675221
604,MEDIUM (Paris Core),4720234391,25095636,2124.4832631577424,931,3.361099999892758,462.32209741388243,428,2.1849000004294794,330,3.2456000008096453,222,2.9651000004378147
605,MEDIUM (Paris Core),94138040,8714149232,826.0951315183537,127,0.4600000029313378,209.46293098067682,73,0.39620000097784214,37,0.4748999999719672,18,0.29910000012023374
606,MEDIUM (Paris Core),610483562,695200433,1431.2545154781103,109,0.4047999973408878,196.069738262851,37,0.21840000044903718,31,0.40749999971012585,27,0.3901999989466276
607,MEDIUM (Paris Core),21648349,677104497,2069.090762247056,271,0.9957000002032146,305.3375375534495,26,0.1540000012028031,26,0.28419999944162555,26,0.3879000032611657
608,MEDIUM (Paris Core),729079688,256618356,4443.712735572013,1010,3.8635999990219716,610.6429554744112,70,0.5258000019239262,70,0.9023999991768505,70,1.2186999992991332
609,MEDIUM (Paris Core),25255889,21378248,982.3499195998127,22,0.08620000153314322,128.5561423439707,13,0.09000000136438757,12,0.13199999739299528,12,0.1959000001079403
610,MEDIUM (Paris Core),25253722,1519498112,2068.857011911149,419,1.6075000021373853,336.99570480394044,134,0.7631000007677358,96,1.0722000006353483,71,1.1551999996299855
611,MEDIUM (Paris Core),25254301,247348743,3351.397061182355,1314,4.879100000835024,549.754863963564,422,2.100500001688488,241,2.205400000093505,58,0.9374000001116656
612,MEDIUM (Paris Core),26401081,3375721567,2791.3984118044764,608,2.2752999975637067,459.34776994618176,70,0.5152999983693007,44,0.5639999981212895,44,0.8215999987442046
613,MEDIUM (Paris Core),8809451,96146342,2095.73403410609,749,2.819199999066768,407.89386021823907,103,0.5466999973577913,82,1.128600000811275,78,1.0564999975031242
614,MEDIUM (Paris Core),24958711,252214038,3798.513999616055,1717,6.336800001008669,603.8930493410979,315,1.6748999987612478,225,2.3762000018905383,221,2.8994999993301462
615,MEDIUM (Paris Core),169318491,252682717,3225.9901203008008,895,3.2522000001335982,492.78398447117786,468,2.4235999990196433,154,1.862600001913961,124,2.232500002719462
616,MEDIUM (Paris Core),24959062,1651614448,3760.607651441341,954,3.492499999993015,516.7356185371143,85,0.49960000251303427,85,1.0621000001265202,82,1.3498000007530209
617,MEDIUM (Paris Core),94150131,94160265,2935.329300055869,579,2.104200000758283,442.97012089829076,192,1.00640000164276,151,1.9167999998899177,81,1.107100000808714
618,MEDIUM (Paris Core),25187844,152739331,2402.4262740180425,707,2.552300000388641,414.12344402879717,121,0.6186999999044929,113,1.2626999996427912,100,1.3514000020222738
619,MEDIUM (Paris Core),21659624,21292423,1911.26846274051,252,0.945200001297053,272.3713611998813,130,0.7639000032213517,53,0.7526999979745597,22,0.4341000021668151
620,MEDIUM (Paris Core),330493065,25290186,4482.07920387278,987,3.7209999973129015,631.4766187343292,843,4.663600000640145,592,5.960900001809932,395,5.275899999105604
621,MEDIUM (Paris Core),151363076,1363605809,4204.394571763325,1360,5.114100000355393,636.1328597555658,86,0.791499998740619,85,1.1962999997194856,82,1.248299999133451
622,MEDIUM (Paris Core),25255856,25273190,1780.7473136317528,308,1.126399998611305,272.98760795073724,48,0.31820000003790483,48,0.5433000005723443,48,0.6745999999111518
623,MEDIUM (Paris Core),13595516411,25004249,5855.814086797128,1883,7.553899999038549,778.6539762666016,861,4.887899998720968,721,7.223399999929825,531,6.840199999714969
624,MEDIUM (Paris Core),1588595435,235830503,1473.8725931185534,93,0.420000000303844,199.68427901595282,21,0.18369999816059135,21,0.22320000061881728,21,0.302100001135841
625,MEDIUM (Paris Core),94165147,26666953,2820.554579188193,480,1.9685999977809843,417.7117421700455,289,1.7944999999599531,178,1.63070000053267,167,2.1660999991581775
626,MEDIUM (Paris Core),36467756,123489766,5268.098901060177,2078,8.037999999942258,792.3442127323381,1013,6.017499999870779,642,6.376299999828916,497,6.2426000004052185
627,MEDIUM (Paris Core),14956512,25183164,3174.4827071669106,559,2.1076000011817086,448.8372147499018,338,2.1053999989817385,156,1.6527999978279695,101,1.3595000018540304
628,MEDIUM (Paris Core),174983940,470137,3326.5089732898555,854,3.29030000284547,574.924540694861,217,1.3657999988936353,179,1.840600001742132,174,2.7649000003293622
629,MEDIUM (Paris Core),227214316,697813609,2854.222550918764,512,1.864699999714503,413.52325320809047,148,0.8340999993379228,52,0.5172000019229017,52,0.7482000000891276
630,MEDIUM (Paris Core),25033006,393871996,3528.4310305249096,2106,7.630499996594153,687.4663013524248,510,3.2601999992039055,298,2.6828000009118114,248,3.4348000008321833
631,MEDIUM (Paris Core),549792392,21348452,2311.059686742662,574,2.09760000143433,376.69554349565954,279,1.6983999994408805,208,2.4158999985957053,206,2.8075999980501365
632,MEDIUM (Paris Core),390313,7366949982,4166.090610919559,1112,4.248000001098262,576.7966439069244,215,1.3904999977967236,203,3.0619999997725245,140,2.348999998503132
633,MEDIUM (Paris Core),1756960219,25255890,1170.0084478104507,89,0.3513999981805682,172.55484860227804,20,0.15640000128769316,18,0.2884999994421378,18,0.35620000198832713
634,MEDIUM (Paris Core),174979761,368143,2692.0042881446057,757,3.045500001462642,468.91759227807466,307,2.216599998064339,58,0.7827000008546747,58,0.9136000007856637
635,MEDIUM (Paris Core),24958726,25253835,512.2162653091966,154,0.6906000016897451,161.58731199113933,85,0.5412000027718022,72,0.7070999999996275,69,1.0102000014740042
636,MEDIUM (Paris Core),123766566,361091,709.0110624282036,33,0.13129999933880754,109.1017067731164,22,0.13770000077784061,14,0.15020000137155876,14,0.20560000120894983
637,MEDIUM (Paris Core),11920959417,169320237,3297.16088376867,962,3.8114000017230865,499.89371968711674,430,2.452700002322672,267,2.8448999983083922,203,2.749200000835117
638,MEDIUM (Paris Core),36592749,25186665,1577.4970928706355,346,1.3147999998182058,302.95252781299746,161,0.8957999998528976,74,0.7177000006777234,66,0.9174000006169081
639,MEDIUM (Paris Core),212523881,252214037,2666.9192394998245,995,3.8170000007085036,470.79714908834245,57,0.3732999975909479,56,0.6241000010049902,56,0.9413000007043593
640,MEDIUM (Paris Core),690886612,24959041,3315.000615469515,1028,4.039999999804422,507.88912556885066,70,0.43419999929028563,70,0.7464000009349547,65,0.9868000015558209
641,MEDIUM (Paris Core),94138624,8274315677,1092.000661160083,256,0.9731999998621177,270.925659683462,82,0.674099999741884,79,0.8658000006107613,79,1.2556000001495704
642,MEDIUM (Paris Core),5059182779,306091711,2782.3681757648847,367,1.3140000010025688,351.6837694924316,67,0.5224000015005004,58,0.5620000010821968,59,0.8306000017910264
643,MEDIUM (Paris Core),25102265,25033632,1492.0128183025788,286,1.0618999986036215,253.86638473802088,79,0.6438000018533785,78,0.7632000015291851,78,1.1704999997164123
644,MEDIUM (Paris Core),1914164523,16820936,3210.0444035973173,967,3.7105000010342337,521.2542826979676,316,1.9134000031044707,211,1.9393000002310146,211,2.7201999982935376
645,MEDIUM (Paris Core),96151752,24958048,3929.8750042593574,1394,5.082900002889801,744.929396615978,416,2.675300002010772,335,2.922499999840511,306,4.062500000145519
646,MEDIUM (Paris Core),1352887831,6958029660,3765.917483356054,1127,4.1742000030353665,549.9737188037491,452,3.173399996740045,85,0.8993000010377727,84,1.450300002034055
647,MEDIUM (Paris Core),510438311,25183526,2177.3697211869294,421,1.5078999967954587,330.94825319751374,61,0.3771999981836416,49,0.39539999852422625,46,0.61690000075032
648,MEDIUM (Paris Core),26401696,644156,2183.6234995096033,311,1.1166999975102954,350.10190261902204,66,0.40660000013303943,64,0.8286999982374255,35,0.5826000015076715
649,MEDIUM (Paris Core),169314963,510438311,618.2094238855574,22,0.08499999967170879,94.11362297357863,7,0.04909999915980734,7,0.07700000060140155,7,0.11779999840655364
650,MEDIUM (Paris Core),36600117,382077,2674.650286558889,875,3.2756000000517815,535.1635303658366,398,2.437600000121165,48,0.6815999986429233,48,0.821699999505654
651,MEDIUM (Paris Core),26402086,676788922,1368.0739810921707,162,0.5663000010827091,253.78507570852742,23,0.12549999883049168,22,0.1747999995131977,22,0.29710000308114104
652,MEDIUM (Paris Core),207268373,36467756,4856.840722761148,1649,6.410999998479383,757.6829746174873,412,2.6897000025201123,357,3.2928000000538304,354,4.541899998002918
653,MEDIUM (Paris Core),94168021,676821343,2139.350691492328,372,1.4000999981362838,363.84657519789505,132,0.8545999990019482,130,1.0968999995384365,103,1.4356000028783455
654,MEDIUM (Paris Core),10737439156,11070301702,2053.2835210118014,385,1.4534000001731329,394.4217697343361,149,1.1187999989488162,102,0.9594000002834946,92,1.344800002698321
655,MEDIUM (Paris Core),151357427,6176080241,3529.1560594614302,1180,4.608799998095492,523.2609174108507,110,0.742199998057913,108,1.000799999019364,66,1.073200000973884
656,MEDIUM (Paris Core),17809572,394907974,4278.031019187062,1733,6.856399999378482,707.9423290323643,486,2.8191000019432977,311,2.579900003183866,205,2.9963000015413854
657,MEDIUM (Paris Core),24959061,24984238,889.571450075037,112,0.4276999970898032,142.57612748362988,104,0.7493000011891127,39,0.3438000021560583,34,0.561800003197277
658,MEDIUM (Paris Core),13823986631,25191388,2717.4314522472655,338,1.2810999978682958,349.55153734447947,233,1.570300002640579,37,0.40970000191009603,37,0.7455000013578683
659,MEDIUM (Paris Core),664205951,26401084,1943.7961922444133,618,2.1854000005987473,366.09029764563445,124,0.7864999970479403,116,0.923999999940861,102,1.414999998814892
660,MEDIUM (Paris Core),25033004,178760713,3690.7673508551215,1402,5.236000000877539,595.4214062874463,381,2.162500000849832,300,2.4235000018961728,142,1.946799999132054
661,MEDIUM (Paris Core),1014095238,693583565,2783.8124489379215,508,2.059700000245357,423.9803446986618,207,1.3287000001582783,98,0.9884999999485444,93,1.2267999991308898
662,MEDIUM (Paris Core),160030886,24959041,1236.685313065221,91,0.3462999993644189,167.57787969348908,36,0.2567999981692992,29,0.37620000148308463,27,0.4957000019203406
663,MEDIUM (Paris Core),94157219,25256058,3642.639534020824,1250,4.5209999989310745,664.6894276976772,256,1.8610999977681786,238,2.150499996787403,234,3.4969000007549766
664,MEDIUM (Paris Core),25009257,24959163,3740.516565177931,1183,4.369900001620408,638.3107029744035,228,1.4620000001741573,279,2.241199999843957,131,1.842699999542674
665,MEDIUM (Paris Core),36472844,34632755,5034.2828705351785,1541,5.568399999901885,747.7089757469765,568,3.802499999437714,346,2.8854999982286245,282,3.9556000010634307
666,MEDIUM (Paris Core),34909038,94143087,2959.4238201342296,656,2.4209999974118546,473.1095273780666,248,1.6679000000294764,248,2.0311999978730455,88,1.299500003369758
667,MEDIUM (Paris Core),94138525,34151758,1654.8555708419992,287,1.0954999997920822,282.93597184751553,105,0.6444999999075662,62,0.5440999993879814,61,0.9035999974003062
668,MEDIUM (Paris Core),25207331,243360342,2919.4787499947197,1009,3.5241000005044043,550.5698487323033,84,0.5328999977791682,71,0.596199999563396,70,1.0112999989360105
669,MEDIUM (Paris Core),24972326,94211386,3220.572282607045,1222,4.4699000027321745,521.6689373364175,423,2.383799997915048,243,1.808499997423496,95,1.416600000084145
670,MEDIUM (Paris Core),175046959,24958702,2671.833794880826,663,2.3551000012957957,451.23122255965325,66,0.36360000012791716,65,0.5490000003192108,57,0.7847999986552168
671,MEDIUM (Paris Core),13150293741,248494025,4239.967127838724,1006,3.6476000022958033,565.6596803211669,352,2.2793000025558285,158,1.4262999975471757,59,1.0398999984317925
672,MEDIUM (Paris Core),84762463,4982875879,3725.614975747523,922,3.453500001342036,556.6061795144236,62,0.5180000007385388,62,0.6638999984716065,62,1.0898000000452157
673,MEDIUM (Paris Core),729079688,1767757740,4185.334810961767,979,3.6677999996754806,654.8055576523043,182,1.4377000006788876,167,1.690600001893472,154,2.6032000023406
674,MEDIUM (Paris Core),25255893,9949036441,3545.7167450961574,822,2.9918000000179745,477.63595713776533,350,2.5779000025067944,302,2.422200002911268,123,1.8746999994618818
675,MEDIUM (Paris Core),94151150,14956521,3811.281580382381,872,3.260099998442456,537.1041963900059,438,3.318700000818353,214,1.7424000034225173,184,2.4884000013116747
676,MEDIUM (Paris Core),471617402,558304066,2007.9384948668267,198,0.7531999981438275,267.6261770459108,68,0.5490000003192108,58,0.518299999384908,35,0.5534999982046429
677,MEDIUM (Paris Core),21659827,471633828,2281.4552711576607,437,1.6336000007868279,338.75137574800226,167,1.0946000002149958,137,1.1035999996238388,136,1.8204000007244758
678,MEDIUM (Paris Core),227228433,677182855,1173.6725945133423,333,1.1895999996340834,275.63521728003025,158,0.9151999984169379,120,0.8813999993435573,104,1.2060999979439657
679,MEDIUM (Paris Core),36591221,25253767,1128.0988494427484,129,0.4757999995490536,270.2468784633944,91,0.5251000002317596,54,0.43960000039078295,27,0.436700000136625
680,MEDIUM (Paris Core),25033788,25671506,1436.558440159044,321,1.1773999976867344,291.56334371825375,92,0.543199999810895,89,0.6778999995731283,65,0.8512999993399717
681,MEDIUM (Paris Core),25009249,13239259936,1862.6762161626925,200,0.7267000000865664,347.48010376044425,110,0.6776999980502296,76,0.6322000008367468,72,0.9869000023172703
682,MEDIUM (Paris Core),60913380,52842220,697.6725086158784,194,0.6953000010980759,254.242081527008,76,0.496299999213079,29,0.2872000004572328,29,0.4775000015797559
683,MEDIUM (Paris Core),5337753752,235011944,5076.045315127004,2315,8.554100000765175,805.2819062655096,728,4.470599997148383,337,2.6858000019274186,282,3.582900000765221
684,MEDIUM (Paris Core),24984302,36474702,1739.6977474583884,200,0.8125999993353616,251.94210778851635,69,0.4015000013168901,54,0.44970000089961104,53,0.7172000005084556
685,MEDIUM (Paris Core),153492002,25273784,2758.430108239507,610,2.4080000002868474,500.533672689567,322,1.9578999999794178,103,0.8295000006910414,120,1.8926000011560973
686,MEDIUM (Paris Core),247921252,6483877365,4118.833936590881,1079,3.9799000005587004,571.3845931639921,562,4.384599997138139,316,2.709199998207623,196,3.1724999971629586
687,MEDIUM (Paris Core),280462687,5059182789,3243.93821868994,604,2.224199997726828,440.7716847954527,51,0.42039999971166253,51,0.5362000010791235,51,0.9735999992699362
688,MEDIUM (Paris Core),25554239,13101405454,2069.136061993942,273,0.9920000011334196,319.71448511479764,112,0.7083999989845324,68,0.5904000026930589,52,0.8428000001003966
689,MEDIUM (Paris Core),26401864,25183384,1757.774863633522,472,1.7147000035038218,346.9437990419797,124,0.7402000010188203,77,0.5636000023514498,73,0.9659999996074475
690,MEDIUM (Paris Core),25554265,325664798,2975.912839411658,1328,5.244200001470745,566.0181478242768,82,0.514900002599461,74,0.6104000021878164,67,0.9849000016401988
691,MEDIUM (Paris Core),36472665,361041,1797.1470906341544,204,0.7415999971271958,318.83950797316857,45,0.2846000024874229,42,0.35800000114249997,40,0.6279999979597051
692,MEDIUM (Paris Core),361108,25033007,3230.1323689700926,792,2.775699998892378,507.0231290195396,490,3.081300001213094,118,0.9955000023182947,118,1.7275000027439091
693,MEDIUM (Paris Core),206155203,94174398,4591.419713479349,1213,4.321899999922607,621.8960723156482,339,2.1677000004274305,277,2.200899998570094,254,3.4315999982936773
694,MEDIUM (Paris Core),94174702,169320939,874.568498601488,87,0.3074999985983595,163.18551682831958,26,0.1641000017116312,26,0.22739999985788018,26,0.39590000233147293
695,MEDIUM (Paris Core),94161172,94151149,2468.053012743632,429,1.489199999923585,352.9203466857746,39,0.21689999994123355,39,0.3113999991910532,39,0.5434999984572642
696,MEDIUM (Paris Core),728342901,681534715,1553.9945419326991,384,1.3547000016842503,294.7361412490107,147,0.8082999993348494,100,0.7541000013588928,70,0.9551000002829824
697,MEDIUM (Paris Core),21659629,25095565,4451.995043519766,1461,5.608900002698647,655.9567398480388,580,3.7054000022180844,388,2.848799998901086,229,3.2831999997142702
698,MEDIUM (Paris Core),382067,245403975,2095.835174030744,408,1.5953000001900364,341.5014361197743,115,0.6888999996590428,95,0.7162000001699198,95,1.2099999985366594
699,MEDIUM (Paris Core),6206597879,27235142,1303.1374959908633,188,0.9453000020585023,184.72735113475974,38,0.2747999969869852,38,0.3524000021570828,37,0.5918000024394132
700,MEDIUM (Paris Core),11368027200,25034466,742.5099599515066,69,0.258100000792183,161.5215669272883,29,0.17610000213608146,28,0.24159999884432182,25,0.3665000003820751
701,MEDIUM (Paris Core),12966545618,549777225,1694.4491265914046,295,1.066299999365583,257.69325254170127,175,0.9661000003688969,97,0.8855000014591496,49,0.7512000011047348
702,MEDIUM (Paris Core),178802497,24965976,2341.6101128110913,671,2.466000001732027,411.1870096526542,186,0.9279000005335547,176,1.288100000238046,174,2.1372000010160264
703,MEDIUM (Paris Core),94137693,398775,2157.5720435770604,379,1.4575999994121958,325.6875901679935,169,1.0375000019848812,70,0.5855999988853,58,0.7808000009390526
704,MEDIUM (Paris Core),9758456411,25272889,2156.707123740594,558,2.1125999992364086,344.8545584711235,207,1.1460999994596932,35,0.30870000045979396,34,0.5369999998947605
705,MEDIUM (Paris Core),227052554,11247130726,2013.4180130073128,624,2.371799997490598,422.14121706175973,154,0.9471000012126751,91,0.7774000005156267,91,1.3460000009217765
706,MEDIUM (Paris Core),411256178,24969685,1555.1351717957332,295,1.0309999997843988,272.59795423561286,70,0.3975999970862176,64,0.5091000020911451,63,0.8778999981586821
707,MEDIUM (Paris Core),25191388,3438858398,2385.982414611596,314,1.2171999987913296,355.1556412980717,79,0.6108999987191055,79,0.7723000016994774,43,0.789400000940077
708,MEDIUM (Paris Core),25669388,25554266,1320.1732450576146,25,0.09609999688109383,202.43434007788014,14,0.07619999814778566,14,0.10400000246590935,14,0.17769999976735562
709,MEDIUM (Paris Core),94219781,398769,282.5717506343749,36,0.13130000297678635,95.65940368531793,13,0.08549999984097667,13,0.11309999899822287,13,0.18790000103763305
710,MEDIUM (Paris Core),11444712465,644163,2770.231352883666,620,2.2433000012824778,439.9181490373665,89,0.6026999981258996,89,0.7798000006005168,97,1.3687999999092426
711,MEDIUM (Paris Core),25253774,3920493837,3198.153571081986,834,3.04619999951683,522.9992840296252,516,3.2012000010581687,413,3.2491000019945204,59,0.9738000007928349
712,MEDIUM (Paris Core),1242438484,208759442,3572.771086734889,590,2.1603000022878405,493.30519705066285,270,1.7948999993677717,114,0.8878000007825904,107,1.4424000000872184
713,MEDIUM (Paris Core),258677333,338489577,1695.5378780190433,148,0.6572999991476536,233.5335235531628,28,0.23239999791258015,28,0.2567000010458287,28,0.4351999996288214
714,MEDIUM (Paris Core),439881550,382064,2178.1913690862657,996,3.65570000212756,496.1270258335298,127,0.716499998816289,51,0.4597000006469898,51,0.7273999981407542
715,MEDIUM (Paris Core),94216675,159693030,2544.9485637736575,706,2.550500001234468,485.8278977606757,426,2.489999998942949,219,1.6416999969806056,184,2.338199999940116
716,MEDIUM (Paris Core),25095636,8145449120,2585.651416233001,476,1.789699999790173,395.8530159319627,130,0.8080999978119507,107,0.8301000016217586,77,1.0982999992847908
717,MEDIUM (Paris Core),36479232,123495120,5721.310268311805,2193,7.942200001707533,904.501934739016,1016,6.5470000008645,667,5.317000002833083,531,7.146800002374221
718,MEDIUM (Paris Core),25031201,21659759,1288.8964949316162,200,0.7060999996610917,193.8878897816252,70,0.4288000018277671,48,0.40159999844036065,27,0.43560000267461874
719,MEDIUM (Paris Core),94153134,24972209,3680.757573645783,1081,4.147699997702148,556.7451843376836,83,0.6403000006685033,82,0.6987000015215017,76,1.3097000010020565
720,MEDIUM (Paris Core),319500628,524699822,2621.833470894361,577,2.077899996947963,396.4012047001525,183,1.6319000023941044,85,0.6810000013501849,81,1.6081999965535942
721,MEDIUM (Paris Core),94158189,24959040,2683.163820899326,1015,3.6154999979771674,510.2571087853432,74,0.6636999969487078,73,0.5944000004092231,67,1.0288000012224074
722,MEDIUM (Paris Core),123479622,532310323,2246.510777437601,545,1.9945999993069563,429.27414358575925,108,0.8084000000962988,108,0.992599998426158,91,1.6335000000253785
723,MEDIUM (Paris Core),153501214,644163,642.8497796279399,181,0.6380000013450626,200.88361064550867,64,0.4179999996267725,19,0.19190000239177607,19,0.3541999976732768
724,MEDIUM (Paris Core),361098,1363605811,4189.364750084871,1562,5.838600001879968,648.3962515404476,392,2.7915000027860515,244,2.6633999987097923,127,1.9878000020980835
725,MEDIUM (Paris Core),24958744,164404052,2989.331905885178,857,3.215000000636792,457.79024187379423,230,1.4590999999199994,169,1.2390999982017092,132,1.6652999984216876
726,MEDIUM (Paris Core),21648349,368250,4201.799830600523,1085,3.8846000024932437,595.4365200685088,499,2.8811000011046417,129,1.019399998767767,106,1.4344000010169111
727,MEDIUM (Paris Core),247754373,213169528,3287.152782576112,1138,4.197300000669202,525.2888761042167,136,0.7939999995869584,134,1.0511000000406057,97,1.2701999985438306
728,MEDIUM (Paris Core),117100909,12140425572,3571.1739354547085,1090,3.9556000010634307,560.2161733834831,327,2.015199999732431,239,2.0693999977083877,235,3.4816999977920204
729,MEDIUM (Paris Core),6358746334,398769,2068.7933309720843,423,1.5690000000176951,333.16571595831846,105,0.6355000004987232,67,0.5687000011675991,50,0.7303999991563614
730,MEDIUM (Paris Core),94174398,24958732,2661.8744254360495,545,2.013600002101157,470.47853380560827,178,1.1749000004783738,141,1.2332000005699228,107,1.5669999993406236
731,MEDIUM (Paris Core),5775894625,25253715,1992.3514817711757,238,0.9189999982481822,293.4375509640381,74,0.5220999992161524,59,0.5403999966802076,59,0.8628999967186246
732,MEDIUM (Paris Core),151363007,25290203,1205.8382763227198,107,0.4165999998804182,169.40426698327886,26,0.2091999995172955,26,0.2781000002869405,26,0.4366000030131545
733,MEDIUM (Paris Core),25273491,431507192,3425.690522879674,1088,3.893900000548456,537.0077597974358,199,1.2860999995609745,140,1.1712000014085788,140,1.8510000008973293
734,MEDIUM (Paris Core),130099806,10721199671,2341.6348222402135,499,2.0388999982969835,367.4813387772097,226,1.5716000016254839,110,1.078199999028584,110,1.6508000007888768
735,MEDIUM (Paris Core),2458010977,25272980,3469.8776758886984,1222,4.97449999966193,562.3355349765949,615,4.283000002033077,396,2.834499999153195,189,2.3012999990896787
736,MEDIUM (Paris Core),94138036,174984373,1825.9873640514027,535,2.1149999993212987,349.46466428421417,123,0.8683999985805713,119,1.0290000027453061,119,1.5921000012895092
737,MEDIUM (Paris Core),8547321367,7572331127,1061.303762276183,69,0.2567999981692992,165.4772868034005,30,0.22779999926569872,27,0.26050000087707303,25,0.3961000002163928
738,MEDIUM (Paris Core),4720234394,367546,3561.1025029483585,1094,4.02359999861801,580.7739916157345,130,0.9700999980850611,128,1.1654999980237335,97,1.5435000022989698
739,MEDIUM (Paris Core),573458029,34909027,3906.5369637934036,1175,4.630799998267321,601.9670340494449,337,2.0498000012594275,87,0.7765000009385403,86,1.267099996766774
740,MEDIUM (Paris Core),25290186,26401414,2568.7703562178317,421,1.5555999998468906,375.14472230098045,226,2.1062000014353544,126,0.997899998765206,107,1.2953000004927162
741,MEDIUM (Paris Core),94158481,151357346,2184.719730651583,402,1.4203999999153893,346.8294460271317,134,0.9783999994397163,58,0.5471000004035886,58,0.7002999991527759
742,MEDIUM (Paris Core),15644058,247188122,3072.508622296418,799,2.809899997373577,489.7354076277102,183,1.2239999996381812,126,1.0307999982615001,97,1.2705000008281786
743,MEDIUM (Paris Core),174984373,24972408,3937.6304370009757,917,3.353299998707371,593.3680113410609,75,0.5161999979463872,75,0.6779000032111071,71,1.0342999994463753
744,MEDIUM (Paris Core),25033531,94153139,4060.8811901902304,2009,7.504599998355843,689.4202473754098,199,1.308699997025542,159,1.3073000009171665,169,2.601899999717716
745,MEDIUM (Paris Core),94159491,94211772,276.53216076837174,12,0.04489999992074445,54.26375058209206,8,0.05059999966761097,7,0.06849999772384763,7,0.13469999976223335
746,MEDIUM (Paris Core),25034653,1841311666,2539.6623749819832,515,1.8645000018295832,391.8965668347693,234,1.7036999997799285,133,1.1120000017399434,122,1.8491000009817071
747,MEDIUM (Paris Core),25253964,227211630,823.6724795669688,61,0.24309999935212545,127.39729191664159,16,0.13419999959296547,16,0.15329999951063655,16,0.40269999954034574
748,MEDIUM (Paris Core),123482365,987604420,1049.492367404635,73,0.24459999985992908,172.53430750437067,13,0.10029999975813553,13,0.1329000006080605,13,0.3452000019024126
749,MEDIUM (Paris Core),26401934,178764319,2890.029130310583,906,3.2673999994585756,529.1379491756529,298,1.8197999997937586,195,1.5080999983183574,161,2.4885999991965946
750,MEDIUM (Paris Core),678892280,10721199671,2902.7900907528506,1477,5.405099997005891,569.761016053133,123,0.7676999994146172,101,0.8441999998467509,64,1.5069999972183723
751,MEDIUM (Paris Core),60913380,406653331,923.1921203832466,240,0.8974000011221506,264.2088172345796,126,0.7518999991589226,90,0.6805999983043876,90,1.6738000012992416
752,MEDIUM (Paris Core),21292426,94161174,3327.9611573609777,579,2.153500001440989,449.39706081411254,103,0.705099999322556,94,0.7900000018707942,51,1.1603999992075842
753,MEDIUM (Paris Core),786142279,15641131,1567.44484895317,346,1.3194999992265366,239.829557321297,200,1.228399996762164,84,0.7387000005110167,28,0.6450000000768341
754,MEDIUM (Paris Core),26402125,361109,1795.994227766872,400,1.5536999999312684,315.20647517844463,110,0.6253999999898952,96,0.7351999993261416,103,1.5550999996776227
755,MEDIUM (Paris Core),693515543,34843160,3493.0451412572734,514,1.875799996923888,458.95672429200215,149,1.0184999991906807,125,0.9768000018084422,106,1.7380000026605558
756,MEDIUM (Paris Core),14956534,676821342,3727.344656907793,455,1.7704999991110526,503.96005559070426,353,2.6108000020030886,209,1.6288000006170478,181,2.8186999988975003
757,MEDIUM (Paris Core),25254129,24958921,1288.862411699504,144,0.5234999989625067,256.05433563937225,69,0.5909999999857973,50,0.4594000020006206,43,0.9414000014658086
758,MEDIUM (Paris Core),24984073,7572331127,2422.9838400439535,675,2.479700000549201,390.67765584172736,204,1.3198000015108846,148,1.1977999965893105,79,1.5113000008568633
759,MEDIUM (Paris Core),5297593444,25034316,3089.382615697696,1318,5.118599998240825,562.186512256185,209,1.27749999955995,135,1.0580999987723771,110,2.2927999998501036
760,MEDIUM (Paris Core),13386290429,27235168,3573.1306321016355,1207,4.676399999880232,531.9251298948224,306,2.0557999996526632,217,1.7809999990276992,101,2.4301000012201257
761,MEDIUM (Paris Core),332476879,25034308,1919.7596570742035,702,2.610899999126559,376.5611470726231,199,1.3027999993937556,146,1.1937000017496757,125,2.3630000032426324
762,MEDIUM (Paris Core),94174702,227211630,1973.3912311909417,569,2.003800000238698,430.4048732154368,358,2.1429999978863634,353,2.7474999988044146,137,2.493300002242904
763,MEDIUM (Paris Core),24959084,25272944,2304.8487336712556,480,1.7380999997840263,341.5980728236549,85,0.554599999304628,46,0.4774000008183066,38,1.1391999978513923
764,MEDIUM (Paris Core),202816861,677185710,1579.9923121388888,260,0.9185999988403637,332.6251581017551,54,0.3389000012248289,45,0.4296000006434042,44,1.2980999999854248
765,MEDIUM (Paris Core),178760810,256587045,4393.246251901968,922,3.2336999975086655,625.0751821724216,275,1.8280000003869645,247,2.011699998547556,203,3.759299997909693
766,MEDIUM (Paris Core),27018633,24984293,906.8450655525155,110,0.5635000015900005,152.97843854037092,23,0.18110000019078143,23,0.24340000163647346,23,0.48830000014277175
767,MEDIUM (Paris Core),558382444,532310323,912.495072723192,53,0.22049999824957922,125.79179944888452,20,0.13699999908567406,19,0.18149999959859997,19,0.6188000006659422
768,MEDIUM (Paris Core),431394330,24972212,3172.81296729102,946,3.6136999988229945,480.5208459283286,58,0.3958999986934941,58,0.5701000009139534,58,1.5663000012864359
769,MEDIUM (Paris Core),1142990020,368084,1849.2518621934128,245,1.0371999997005332,327.27162319775135,22,0.17690000095171854,22,0.24589999884483404,22,0.5648000005749054
770,MEDIUM (Paris Core),25273380,94197384,3520.732452289212,1472,5.836399999679998,622.561020387885,508,2.8699000031338073,252,2.0541000012599397,196,3.505699998640921
771,MEDIUM (Paris Core),153512631,25031493,2386.511355140235,656,2.671800000825897,407.2001133082061,238,1.5864999986661132,111,0.9421000031579752,62,1.1207999996258877
772,MEDIUM (Paris Core),24959161,728342901,831.786995931467,71,0.41060000148718245,111.67651068447833,25,0.2733000001171604,19,0.21980000019539148,19,0.46410000140895136
773,MEDIUM (Paris Core),94151152,94152748,414.72195640064,41,0.1632999992580153,98.83215477343978,29,0.19120000069960952,29,0.23439999858965166,24,0.34579999919515103
774,MEDIUM (Paris Core),5297593439,130099806,2599.4868982220696,367,1.3996000016049948,354.8117126506243,181,1.574499998241663,93,0.8342000000993721,78,1.3796999992337078
775,MEDIUM (Paris Core),25033092,94173548,3233.822845564928,1176,4.854299997532507,521.19545105916,468,2.988300002471078,430,3.55900000067777,207,3.4134000015910715
776,MEDIUM (Paris Core),21659826,148944950,3205.6042874122213,573,2.3144999977375846,435.77989760312414,194,1.1827000016637612,56,0.5737999999837484,56,1.0474999980942812
777,MEDIUM (Paris Core),1890447487,583006276,3334.7926758105878,849,3.2179999980144203,534.8335371583995,273,2.027900001849048,251,2.1242000002530403,244,4.821399998036213
778,MEDIUM (Paris Core),25273121,11011990611,4343.875904247369,1453,5.840399997396162,667.2788672788586,742,4.63310000122874,337,2.9334999999264255,288,4.8104000015882775
779,MEDIUM (Paris Core),25031257,26401980,1858.912136859107,658,2.64210000023013,369.01455206609603,133,0.8100999984890223,121,0.97989999994752,96,1.5548000010312535
780,MEDIUM (Paris Core),94181306,178888599,2803.1114130192746,262,0.9824000007938594,359.77644020619874,50,0.37349999911384657,49,0.44949999937671237,49,0.8411999988311436
781,MEDIUM (Paris Core),25256058,235011944,5411.056318685555,2399,9.678800000983756,914.1759676283793,1024,6.087699999625329,688,5.2414999991015065,412,6.248300000152085
782,MEDIUM (Paris Core),94168021,25254120,3656.6227814007566,1542,6.871199999295641,677.2207796576986,820,5.003500002203509,698,5.418900000222493,75,1.4202000020304695
783,MEDIUM (Paris Core),202818217,24972308,2367.3408677426123,811,3.414800001337426,477.53821568340226,56,0.3465999980107881,56,0.5477999984577764,56,0.8643000001029577
784,MEDIUM (Paris Core),94173212,257033089,4082.2269775890413,1132,4.501400002482114,588.4121688199469,549,3.498900001432048,235,1.8135999998776242,175,2.8318000004219357
785,MEDIUM (Paris Core),25033915,175042209,2820.663107059824,1032,4.51719999909983,507.52434841175796,373,2.320700001291698,257,2.038200000242796,160,2.4771999997028615
786,MEDIUM (Paris Core),25033633,178764278,4083.196207215576,1273,5.497800000739517,626.0117623737871,609,3.5753000011027325,303,2.366999997320818,210,3.354899999976624
787,MEDIUM (Paris Core),968758003,3161155026,2544.268293135532,535,2.154100002371706,412.9852260164275,197,1.4503999991575256,107,0.8920000000216532,82,2.001900000323076
788,MEDIUM (Paris Core),2734089715,60913380,3101.288960212469,1041,4.312599998229416,497.9876805455719,177,1.109500000893604,158,1.226899999892339,156,2.8285999978834298
789,MEDIUM (Paris Core),25034654,774707032,1290.4861863621045,281,1.251000001502689,338.6033603174568,136,0.8588999990024604,108,0.901999999769032,106,1.6607999968982767
790,MEDIUM (Paris Core),246849044,25033837,3644.8325848947325,1323,5.444700000225566,597.0127178291741,173,1.1272000010649208,161,1.4196000010997523,156,3.4622000021045096
791,MEDIUM (Paris Core),153492002,382078,2518.410743279968,994,3.77200000002631,562.6850654119138,555,3.8654999989375938,59,0.678100001096027,59,1.1455999992904253
792,MEDIUM (Paris Core),1143095752,21649682,1150.8972337506477,144,0.7020000011834782,213.95892791545444,57,0.46780000047874637,27,0.2981999969051685,26,0.5225000022619497
793,MEDIUM (Paris Core),94192768,25033470,4616.736994073852,1503,5.909200001042336,786.3908206744026,432,3.0342000027303584,291,2.323100001376588,341,5.6823999984771945
794,MEDIUM (Paris Core),25669388,26401089,3340.2073473429446,419,1.7251999997824896,472.7732240569002,130,0.8867999968060758,41,0.3651000006357208,41,0.7875999981479254
795,MEDIUM (Paris Core),94192767,34096776,2125.49628144686,263,1.3488000004144851,330.3868730540298,84,0.6328999988909345,37,0.3645000033429824,37,0.7312999987334479
796,MEDIUM (Paris Core),94151968,338481508,1461.5240999583214,144,0.6420999998226762,256.3922863535805,64,0.5848999971931335,45,0.39850000030128285,45,0.8780999996815808
797,MEDIUM (Paris Core),178761023,9429848395,2628.10232002316,338,1.59680000069784,347.82142385458883,86,0.9234000026481226,47,0.5333999979484361,36,0.9009999994304962
798,MEDIUM (Paris Core),677104497,4754017845,2562.9635054463065,516,2.420299999357667,373.93230791295156,148,1.169099999970058,83,0.7279999990714714,70,1.4818999989074655
799,MEDIUM (Paris Core),5059182773,7049815480,3400.3432620342496,571,2.5076999991142657,505.51851027241173,300,2.0838999989791773,74,0.693199999659555,60,1.2872999977844302
800,MEDIUM (Paris Core),13453722613,178764245,3007.824604369613,689,3.0309999965538736,448.2309770133428,369,2.5219999988621566,136,1.238499997270992,93,1.7248999974981416
801,MEDIUM (Paris Core),26401098,94143088,1405.845812954424,162,0.7811000032234006,222.1557137150602,33,0.27770000087912194,31,0.2840000015567057,31,0.5442999972729012
802,MEDIUM (Paris Core),8547321367,11793696112,3207.7100514844797,1521,6.337099999655038,589.7094110620678,327,2.261599998746533,202,1.7513999991933815,124,2.066900000500027
803,MEDIUM (Paris Core),252682718,25033920,2575.1959951185927,416,1.815399999031797,365.33247368323623,72,0.561999997444218,69,0.6791999985580333,66,1.5696000009484123
804,MEDIUM (Paris Core),693515543,6190639075,1719.2973492397273,309,1.1367000006430317,397.02692494392994,154,1.0449000001244713,95,0.8826999983284622,78,1.5203000002657063
805,MEDIUM (Paris Core),11958652501,1370190436,210.82276798317798,11,0.042100000428035855,26.869893157146215,13,0.08370000068680383,13,0.12430000060703605,13,0.2567000010458287
806,MEDIUM (Paris Core),11029801975,147024201,1022.6285489504254,112,0.4985999985365197,148.84422215865897,31,0.22399999943445437,31,0.29859999995096587,31,0.646799999231007
807,MEDIUM (Paris Core),9432324889,17809191,2361.0706723714547,831,3.603000001021428,450.70630296941505,80,0.473000000056345,68,0.5149999997229315,47,0.8220999989134725
808,MEDIUM (Paris Core),25207334,152737125,2446.523636997996,307,1.369399997201981,301.3468473214965,33,0.2390000008745119,30,0.2719000003708061,30,0.6068999973649625
809,MEDIUM (Paris Core),5340576187,677182855,1695.9684739409788,544,2.4818999991111923,316.77608471294803,162,0.9991999977501109,146,1.211199996760115,135,2.2587999992538244
810,MEDIUM (Paris Core),25009237,11030696419,3515.371045577167,1440,5.751499997131759,618.6533998069752,542,3.579899999749614,458,3.698399999848334,351,6.112899998697685
811,MEDIUM (Paris Core),8376891393,256587051,380.6341347308499,11,0.04830000034417026,46.50641768631955,5,0.04260000059730373,5,0.05560000136028975,5,0.13039999976172112
812,MEDIUM (Paris Core),25273883,25581142,256.96139828889403,56,0.25800000003073364,122.38864904360854,20,0.1230000016221311,16,0.13250000120024197,16,0.3556000010576099
813,MEDIUM (Paris Core),25273867,94151145,2702.359664346272,503,1.8893999986175913,371.03226178573954,55,0.3448999996180646,50,0.38080000012996607,49,1.022799999191193
814,MEDIUM (Paris Core),1142933406,25272928,3390.9406202280984,899,3.756099999009166,476.09271574981574,319,2.0334000000730157,114,1.0604999988572672,98,2.3082000006979797
815,MEDIUM (Paris Core),94174699,94130172,3498.85492109749,1091,4.012500001408625,668.6908762461688,438,2.578199997515185,300,2.1147999977984,280,4.316800001106458
816,MEDIUM (Paris Core),24958919,21305936,467.54725434462966,58,0.216500000533415,99.11967797982959,31,0.19769999926211312,24,0.1953999999386724,18,0.3729999989445787
817,MEDIUM (Paris Core),398767,368143,2528.521011114305,673,2.3505000026489142,430.6736825458104,87,0.5472999982885085,51,0.442000000475673,51,1.0308999990229495
818,MEDIUM (Paris Core),691194159,152738831,3490.6639277402683,1139,4.064400000061141,561.1163566163557,421,2.7948999995714985,283,2.0387000004120637,183,2.9624000017065555
819,MEDIUM (Paris Core),25255858,382069,1687.0550308561287,845,3.1799999997019768,426.2753545754143,232,1.4346999996632803,42,0.4045000023324974,42,0.9165999981632922
820,MEDIUM (Paris Core),24984664,12430002078,3249.2132321462213,820,3.154599999106722,447.5664768736881,43,0.33260000054724514,42,0.4197000016574748,42,1.6314000022248365
821,MEDIUM (Paris Core),361060,25273885,2383.791367058504,982,3.6748999991687015,441.46890109177144,330,2.155599999241531,271,1.8931000013253652,175,3.098200002568774
822,MEDIUM (Paris Core),5749655253,26039856,726.3148068054644,337,1.2927999996463768,252.1783880642504,109,0.6745999999111518,95,0.6674999967799522,64,1.1559999984456226
823,MEDIUM (Paris Core),178760810,14956542,6486.948374817975,2051,8.067700000538025,859.8148481583128,88,0.6644000022788532,88,0.8761999997659586,88,2.0488000009208918
824,MEDIUM (Paris Core),25033484,25581035,2384.3789109571658,690,2.528699998947559,413.6911116211845,293,1.7566999995324295,178,1.336299999820767,103,1.8345999997109175
825,MEDIUM (Paris Core),729079688,21647969,2341.526524270915,266,1.0432999988552183,360.56049280594294,122,0.903299998753937,93,0.8650000017951243,89,1.7054000018106308
826,MEDIUM (Paris Core),152739591,24972328,2559.817390972894,589,2.2094999985711183,424.6746656584973,57,0.39200000173877925,56,0.4976999989594333,54,1.0538999995333143
827,MEDIUM (Paris Core),256589459,25034003,3230.936000221414,1321,5.077900001197122,506.85966286683936,267,1.728000002913177,131,1.053799998771865,100,1.763199998094933
828,MEDIUM (Paris Core),24983566,21732939,4322.06822366355,2334,8.761500001128297,753.101693204397,229,1.462200001697056,223,1.6713000004529022,194,3.6532000012812205
829,MEDIUM (Paris Core),245398710,94173047,4293.406741767945,1305,4.7631999987061135,634.8632340310693,495,2.848100000846898,424,3.0169999990903307,120,2.137100000254577
830,MEDIUM (Paris Core),568421601,8376891393,2018.9754931082787,572,2.1630000010190997,376.2473808070031,103,0.7953000022098422,101,0.9355000001960434,97,2.0468000002438203
831,MEDIUM (Paris Core),227052554,153506005,2157.4823168503667,345,1.268500000151107,326.74497438144044,108,0.9540999999444466,103,0.7579000011901371,74,1.219199999468401
832,MEDIUM (Paris Core),94143743,94174915,2666.257656519412,435,1.5873999982431997,349.85695987091134,146,1.267399999051122,118,0.9165999981632922,84,1.4970999982324429
833,MEDIUM (Paris Core),65287256,26401805,1171.831133261553,100,0.3791999988607131,199.32503922888657,32,0.2555999999458436,32,0.30560000232071616,32,0.6629999988945201
834,MEDIUM (Paris Core),16820927,243648472,3050.052821145695,628,2.280400000017835,502.5850634208469,234,1.6441000007034745,68,0.6513999978778884,53,1.2414000011631288
835,MEDIUM (Paris Core),21648931,15859494,1481.017286195847,172,0.6376000019372441,273.85427892556424,36,0.28310000197961926,33,0.29709999944316223,31,0.6652999982179608
836,MEDIUM (Paris Core),21659759,148945438,3189.463282157847,894,3.2633999981044326,495.1898020067644,254,1.564500002132263,179,1.3380999989749398,146,3.3504000020911917
837,MEDIUM (Paris Core),247754373,213169528,3287.152782576112,1138,4.338100003224099,525.2888761042167,136,0.818799999251496,134,0.9694000000308733,97,1.8238999982713722
838,MEDIUM (Paris Core),94130172,806348995,413.61986879991804,25,0.10689999908208847,163.90858222624567,12,0.07900000127847306,12,0.09449999924981967,12,0.23129999681259505
839,MEDIUM (Paris Core),470160,178763476,1741.3008052097823,469,1.8124000016541686,362.54457174258886,79,0.4833999992115423,74,0.5501999985426664,70,1.1556999997992534
840,MEDIUM (Paris Core),123495720,361059,3186.1798379788474,1059,3.886500002408866,609.3263240118139,445,2.844100003130734,248,2.766400000837166,245,4.0556999992986675
841,MEDIUM (Paris Core),25554304,430796,2625.1090056084013,877,3.202300002158154,451.8276737441709,295,1.689799999439856,154,1.7348000001220498,150,2.262699999846518
842,MEDIUM (Paris Core),6203408676,25193304,4063.9642802864596,1420,5.30340000113938,687.3527249232508,517,3.2576000012340955,300,2.829999997629784,243,4.335199999331962
843,MEDIUM (Paris Core),610483562,30183255,2735.2268670881053,565,2.2265000006882474,417.12367353136074,93,0.8674000018800143,58,0.4918999984511174,56,0.9477999992668629
844,MEDIUM (Paris Core),25253723,7021796591,2515.9336351294787,495,1.9134000031044707,380.1123682107562,137,1.2685999972745776,103,1.079300000128569,87,1.7774000007193536
845,MEDIUM (Paris Core),13521306728,175048261,3412.622054961759,1111,4.089300000487128,677.1312173754337,717,5.573400001594564,598,5.190500000026077,320,5.094899999676272
846,MEDIUM (Paris Core),25033912,15859481,1327.190937226471,337,1.268699998036027,336.30042268981333,103,0.6106999971962068,100,0.8377000012842473,98,1.5756999964651186
847,MEDIUM (Paris Core),94158189,8107850868,553.1040731844583,14,0.060500002291519195,91.65208829670041,7,0.06000000212225132,7,0.07920000280137174,7,0.15640000128769316
848,MEDIUM (Paris Core),368139,25290202,1348.506439394888,168,0.6154000002425164,220.53066060225453,67,0.3935999993700534,61,0.6096999968576711,50,0.7795000019541476
849,MEDIUM (Paris Core),94128163,16820916,4513.043479551152,1107,4.03589999768883,731.9897818699002,552,3.31969999751891,187,1.7131000022345688,167,2.823399998305831
850,MEDIUM (Paris Core),497423981,25554703,1826.5573023317945,154,0.5608999999822117,237.9832719868715,25,0.15910000001895241,25,0.23490000239689834,25,0.4752000022563152
851,MEDIUM (Paris Core),8145449118,34843160,5475.076286223339,1614,5.893300000025192,690.2816912093925,694,5.042799999500858,251,1.9027000016649254,192,2.893700002459809
852,MEDIUM (Paris Core),5586042521,25581570,3381.9321205045835,928,3.366299999470357,570.3383465410476,285,2.0716999970318284,260,2.14129999949364,247,4.6731000002182554
853,MEDIUM (Paris Core),94156677,153492002,1207.6943770450073,390,1.385600000503473,424.89919636972115,131,0.9901000012177974,115,1.1747999997169245,100,1.5472000013687648
854,MEDIUM (Paris Core),25191080,175014385,2511.3915928337647,1366,5.1241000001027714,523.4336215900092,420,3.522200000588782,277,2.2867000006954186,91,1.3996000016049948
855,MEDIUM (Paris Core),17809169,256419065,1542.7602464605052,509,1.8836000017472543,356.98201743991507,114,0.7585000021208543,106,0.7318999996641651,103,1.6669000033289194
856,MEDIUM (Paris Core),728342886,36473032,2244.399204927869,512,1.881700001831632,359.1941443095425,303,1.9086000029346906,274,2.0975000006728806,192,2.8649000014411286
857,MEDIUM (Paris Core),1134653600,25034308,209.1768817427655,8,0.02649999805726111,49.730119770898355,8,0.050400001782691106,7,0.054799998906673864,7,0.10610000026645139
858,MEDIUM (Paris Core),16820924,94196276,4799.75845815852,2278,8.600699999078643,787.2241341877259,77,0.6704000006720889,77,0.6859000022814143,77,1.2894999999844003
859,MEDIUM (Paris Core),26401623,148945035,2055.4622249569916,346,1.2978000013390556,311.10644835412194,151,1.0782999997900333,51,0.6747000006726012,47,0.8627999995951541
860,MEDIUM (Paris Core),549792393,15859502,1452.9262344965857,339,1.2757999975292478,326.08962393713796,118,0.8386000008613337,96,0.8409000001847744,95,1.6869999999471474
861,MEDIUM (Paris Core),34760703,12430002078,1356.3607628546938,396,1.4584999989892822,296.3759446892527,161,1.372599999740487,89,0.7970000006025657,82,1.4148999980534427
862,MEDIUM (Paris Core),5077513433,368195,2125.2229209634907,742,2.5975000025937334,470.1645764990363,325,2.1000999986426905,324,2.4434999977529515,302,4.382300001452677
863,MEDIUM (Paris Core),11444712457,382073,2839.1490751339265,786,2.7792999972007237,464.4794303374619,136,0.887700000021141,125,0.9801000014704186,97,1.6194000018003862
864,MEDIUM (Paris Core),34909031,470138,3535.1023134982356,836,2.9871000006096438,505.9670646463149,199,1.8587999984447379,196,1.6509999986737967,78,1.6181999999389518
865,MEDIUM (Paris Core),14956536,676821355,3415.0411287231746,410,1.5026000000943895,460.30848948314247,396,2.6810000017576385,91,0.8702000013727229,91,1.4843999997538049
866,MEDIUM (Paris Core),382077,987604361,3402.6328232970104,1773,6.595800001377938,643.7812165637006,70,0.5108000004838686,70,0.6437000010919292,70,1.3462999995681457
867,MEDIUM (Paris Core),94139827,398768,2645.845440729716,372,1.3956000002508517,350.51895004412484,188,1.204100000904873,40,0.38439999843831174,40,0.6771000007574912
868,MEDIUM (Paris Core),26402095,367521,2151.339846094702,330,1.166699999885168,315.6845834193056,49,0.3372999999555759,47,0.39290000131586567,41,0.8103000000119209
869,MEDIUM (Paris Core),94149716,34909032,4350.945264076687,1121,4.044799999974202,620.8493595617954,396,3.6190000028000213,237,1.755499997670995,220,3.3135000012407545
870,MEDIUM (Paris Core),202817512,24984454,2925.8605082948043,1228,4.480199997487944,564.3981683371733,392,2.8023000013490673,130,1.0502000004635192,104,1.4999999984866008
871,MEDIUM (Paris Core),24959056,431175338,2740.1318927822463,1474,5.812499999592546,548.8485778853407,269,2.0054999986314215,226,1.8382999987807125,185,2.9800999982398935
872,MEDIUM (Paris Core),4720234394,94145390,2058.917201349274,196,0.7076999972923659,264.51828462847055,35,0.32529999953112565,29,0.30700000206707045,29,0.43650000225170515
873,MEDIUM (Paris Core),973809224,202816303,2111.901254339406,337,1.2639000015042257,480.6051121548989,92,0.8586000003560912,81,0.7608999985677656,78,1.245700001163641
874,MEDIUM (Paris Core),6405905300,94159491,3066.1791108594366,798,2.9273999971337616,434.8203201239026,189,1.42269999923883,171,1.3422999982140027,42,0.7360000017797574
875,MEDIUM (Paris Core),7594346941,470124,1586.4833728969404,171,0.6897000021126587,203.03009231337225,22,0.19949999841628596,22,0.23389999842038378,22,0.4749999970954377
876,MEDIUM (Paris Core),25290185,25254116,4752.884736008244,1636,6.250700000236975,698.8706977777694,674,5.454199999803677,506,4.367099998489721,104,1.699299999017967
877,MEDIUM (Paris Core),411256174,25031311,1258.5241031272953,58,0.2120000026479829,215.46569696676863,26,0.21999999808031134,18,0.1871999993454665,18,0.28250000104890205
878,MEDIUM (Paris Core),788761933,21348453,1247.4990373771848,130,0.509299999976065,177.25292353397418,27,0.5081000017526094,26,0.30389999665203504,26,0.478300000395393
879,MEDIUM (Paris Core),973809230,13595516411,4475.316956568832,882,3.3541000011609867,746.426561151412,497,4.75189999997383,251,2.245800002128817,247,4.592400000547059
880,MEDIUM (Paris Core),244580618,256584613,2699.1046158942604,871,3.3249000007344875,470.4307758347339,63,0.8054999998421408,63,0.5979000015940983,61,1.1880999991262797
881,MEDIUM (Paris Core),25253725,3438858414,1719.5630998807253,176,0.6900000007590279,237.97079331051566,49,0.4840000001422595,40,0.42349999785074033,40,0.7766999988234602
882,MEDIUM (Paris Core),470159,24972212,1009.3145702825141,161,0.6047999995644204,166.03615903449833,77,0.6137999989732634,39,0.3311000000394415,28,0.5462000008265022
883,MEDIUM (Paris Core),24984650,329416063,3139.8022487362255,684,2.6594999981170986,466.8636028488833,209,1.5544999987469055,195,1.4999000013631303,194,3.0305000000225846
884,MEDIUM (Paris Core),5059182773,21732939,4630.472655780696,1923,7.566199998109369,817.6212924740928,339,3.748200000700308,290,2.3416000003635418,235,3.391499998542713
885,MEDIUM (Paris Core),152739591,25031311,1950.5319458425438,509,1.8727999995462596,376.02710409013827,138,2.1448999978019856,89,0.6802999996580184,88,1.3237999992270488
886,MEDIUM (Paris Core),25008881,361047,2575.2651397660998,331,1.2449999994714744,376.38003811400404,84,0.9185000017168932,84,0.9936999995261431,81,1.404399998136796
887,MEDIUM (Paris Core),25102197,1928862527,2101.2194759550375,349,1.2929000004078262,316.5847739420701,177,1.4469999987340998,33,0.4349999981059227,33,0.6456000010075513
888,MEDIUM (Paris Core),94139897,1651614432,2589.835402573923,520,1.9447999984549824,361.4810586338853,39,0.38390000190702267,37,0.44550000166054815,36,0.6847000004199799
889,MEDIUM (Paris Core),26039856,123482365,2735.9824161740285,709,2.6519000020925887,438.32191436086094,90,1.001099997665733,69,0.6380000013450626,66,1.0395000026619527
890,MEDIUM (Paris Core),24958752,94201292,3183.3963868048118,711,2.7049999989685602,458.1773997703203,134,1.5309000009438023,117,0.9062000026460737,92,1.3818000006722286
891,MEDIUM (Paris Core),4695326496,178761643,1462.3208826140549,93,0.38210000275284983,166.15524566988935,59,0.815100000181701,36,0.36859999818261713,32,0.6176999995659571
892,MEDIUM (Paris Core),260550361,1142933458,4269.957631814492,1629,6.006899999192683,700.79639658815,219,2.1325000016076956,149,1.5478999994229525,147,2.6598000004014466
893,MEDIUM (Paris Core),326997613,25554269,1839.479954469829,476,1.680000001215376,445.2157492355206,91,0.7040999989840202,69,0.72340000042459,69,1.1090000007243361
894,MEDIUM (Paris Core),25033048,704766,3058.59076811467,944,3.5013999986404087,490.91117279917177,51,0.4681000027630944,50,0.46750000183237717,50,0.8841000017127953
895,MEDIUM (Paris Core),25272985,25207358,1347.2743559860921,174,0.6386999993992504,227.23160832276824,107,0.6499999981315341,68,0.5319999982020818,31,0.42020000182674266
896,MEDIUM (Paris Core),13381298265,94153138,5069.680271777415,2012,7.337200000620214,782.7839271731966,76,0.7828000016161241,76,0.7063000011839904,76,1.320899998972891
897,MEDIUM (Paris Core),367508,971476124,2623.9879747845716,858,3.1512999994447455,463.17323078497196,311,2.2768999988329597,199,1.4685999994981103,50,0.8055999969656114
898,MEDIUM (Paris Core),94219784,361059,3644.9288196789043,843,3.1404000001202803,582.5588529362905,354,2.3942000007082243,201,1.5003999978944194,95,1.801099999283906
899,MEDIUM (Paris Core),94138040,94128163,2004.7362294864718,667,2.4622999990242533,409.0873109802749,79,0.5977000000711996,77,0.6430000030377414,77,1.2564999997266568
900,MEDIUM (Paris Core),153506005,250217117,3696.3146725764695,1098,4.028900002595037,542.1642832884191,447,4.130799999984447,209,1.890700001240475,147,2.3000999972282443
901,MEDIUM (Paris Core),14956536,94138527,3162.0589031521936,478,1.7315000004600734,472.39319430950025,141,1.1348000007274095,139,1.1061000004701782,134,2.0755000005010515
902,MEDIUM (Paris Core),24958740,60912024,3752.197649486609,1730,6.922300002770498,604.3445106752442,484,3.78160000036587,300,2.3106000007828698,290,4.475000001548324
903,MEDIUM (Paris Core),268210893,24959084,3411.9609431566305,776,3.100300000369316,488.1225805082036,322,3.0329000001074746,196,1.5816999984963331,80,1.4240000018617138
904,MEDIUM (Paris Core),676727427,175038101,1655.3974977970079,510,1.8278999996255152,378.9704333380554,152,1.496100001531886,89,0.8167999985744245,87,1.3693000000785105
905,MEDIUM (Paris Core),94161173,256586412,2681.762218394285,562,2.1734999972977675,398.74215607667065,114,1.339000002190005,88,0.8778000010352116,84,2.069600002869265
906,MEDIUM (Paris Core),6506262917,94212490,1443.9457567788766,156,0.5641000025207177,190.36467559638754,56,0.47389999963343143,53,0.4496000001381617,35,0.7920999996713363
907,MEDIUM (Paris Core),2399876970,148944876,2923.143809317444,568,2.183800002967473,429.2349461215462,158,2.940999998827465,58,0.5251999973552302,58,1.1602999984461349
908,MEDIUM (Paris Core),25253767,94160265,2911.198775965634,757,2.8788999989046715,455.6741675494593,101,1.4181000005919486,95,0.8063000022957567,95,1.8214000010630116
909,MEDIUM (Paris Core),25188963,10148228269,1039.9198350666231,40,0.14109999756328762,171.83150874301919,18,0.1706000002741348,14,0.1300999974773731,14,0.2631999996083323
910,MEDIUM (Paris Core),94145770,25254301,3185.481412367149,1386,5.560400000831578,584.7079542619496,232,1.7560999986017123,195,1.4717000012751669,120,2.5237999980163295
911,MEDIUM (Paris Core),6620331048,368141,3133.646663895037,497,1.8851999993785284,402.38555225084457,28,0.5036000002291985,28,0.24669999766047113,28,0.6635000027017668
912,MEDIUM (Paris Core),245535448,151359667,2301.955019715953,388,1.5425999990839045,324.30674994981285,55,0.6450000000768341,55,0.43370000275899656,48,0.9565999971528072
913,MEDIUM (Paris Core),256409832,25102265,2232.625635621515,838,3.3192999981110916,440.8025723510908,301,2.743599998211721,273,2.541199999541277,181,3.0049999986658804
914,MEDIUM (Paris Core),152738831,24984634,3137.6349777167143,1177,4.683599996496923,537.5061089588878,196,1.4697000005980954,101,0.8261000002676155,100,2.1054000026197173
915,MEDIUM (Paris Core),94197384,178761284,4193.6296924689705,878,3.3675000013317913,716.9420082258665,414,3.439500000240514,148,1.2601999987964518,146,2.7029999982914887
916,MEDIUM (Paris Core),25033920,1282530586,2095.9223710944916,371,1.4711999974679202,350.9020772205891,128,1.1646999992080964,115,1.0495000024093315,114,2.028200000495417
917,MEDIUM (Paris Core),36479233,8615812356,2869.9978412529754,459,2.0518999990599696,401.3061518019593,46,0.49819999912870117,46,0.5354999993869569,46,1.603099997737445
918,MEDIUM (Paris Core),60913493,10229689292,3198.6024319238386,785,3.033600001799641,492.5301928948208,340,2.4339999981748406,109,0.911300001462223,104,2.056000001175562
919,MEDIUM (Paris Core),153501361,26039522,2686.7580478900272,566,2.16780000118888,397.037985669316,51,0.3569000000425149,49,0.4144000013184268,48,0.908599999092985
920,MEDIUM (Paris Core),24984649,2575130888,2334.001591287949,818,3.323200002341764,485.99188880010064,312,2.8316999996604864,190,1.6400999993493315,182,4.187300000921823
921,MEDIUM (Paris Core),94174914,431394373,3007.1229829428557,473,1.81460000021616,445.39064121149846,228,1.5846999995119404,135,1.019400002405746,129,2.3790999985067174
922,MEDIUM (Paris Core),25009257,25554440,2896.2635310090645,604,2.284400001371978,499.7398726586569,274,1.7899999984365422,73,0.6652000010944903,70,1.4377999978023581
923,MEDIUM (Paris Core),25095606,7049815480,1534.8525827097128,265,1.018900002236478,244.08367195430668,167,1.1790999997174367,57,0.6068000002414919,44,1.074499999958789
924,MEDIUM (Paris Core),382049,430796,1907.3458054340633,233,0.8672999974805862,301.726760898684,106,0.8949000002758112,106,0.7963999996718485,83,1.865000001998851
925,MEDIUM (Paris Core),17975522,25581141,3229.564825355887,962,3.5884999997506384,519.6638462259028,440,4.041299998789327,170,1.3300999999046326,134,3.2475000007252675
926,MEDIUM (Paris Core),26401934,123249015,2146.089730914088,322,1.2117000005673617,350.7653525208737,64,0.5089000005682465,63,0.5287000021780841,63,1.4171000002534129
927,MEDIUM (Paris Core),94145770,11444712457,877.4262842216784,31,0.1202000021294225,107.98825814966501,15,0.13359999866224825,15,0.15939999866532162,15,0.3446000009716954
928,MEDIUM (Paris Core),398795,25554267,1365.8537720546276,179,0.8442999969702214,202.54672308806218,35,0.31070000113686547,27,0.2764999990176875,27,0.7315999973798171
929,MEDIUM (Paris Core),94146144,10737439153,485.3019790405685,59,0.352700000803452,141.40803657776266,22,0.14820000069448724,13,0.11020000238204375,10,0.3039999974134844
930,MEDIUM (Paris Core),24965974,661213,3787.222084092308,1039,4.273599999578437,562.1487153592485,460,3.678799999761395,268,2.316399997653207,186,3.296399998362176
931,MEDIUM (Paris Core),94157219,25256318,3729.379913197539,1358,5.214600001636427,658.5444377918463,339,2.5569999997969717,237,2.005599999392871,122,2.295300000696443
932,MEDIUM (Paris Core),268210891,6230294622,4912.066018403687,1238,4.789599999639904,672.1274978249199,764,6.247400000574999,221,1.8605000004754402,179,3.321600001072511
933,MEDIUM (Paris Core),25253768,361074,2354.8728389126727,713,2.5760999997146428,408.93186838574866,179,1.2287999998079613,152,1.2247999984538183,101,1.6897000023163855
934,MEDIUM (Paris Core),367995,26588388,673.2611671605239,38,0.16930000128922984,103.31284059923595,18,0.12229999992996454,18,0.2275000006193295,11,0.20189999850117601
935,MEDIUM (Paris Core),36472070,1312774947,3909.9104871158593,1364,5.262400001811329,701.3142847129379,616,4.774699998961296,256,2.4316999988514,252,4.772399999637855
936,MEDIUM (Paris Core),661211,25255857,2706.1652945772266,392,1.5163999996730126,365.2875472562351,43,0.37090000114403665,43,0.4706999970949255,43,1.040799998008879
937,MEDIUM (Paris Core),11039766784,36592581,1545.2884371488547,347,1.3158000001567416,297.2994591329214,107,0.6880000000819564,83,0.6953999982215464,82,1.3854999997420236
938,MEDIUM (Paris Core),247352879,29604246,4100.174741948026,1405,5.290999997669132,576.0905299918597,303,1.8412999997963198,204,1.6111999975692015,152,2.6828000009118114
939,MEDIUM (Paris Core),549777115,5337753752,1207.6140696922419,267,0.9911000015563332,237.67057971294977,85,0.5994999992253724,82,0.674899998557521,76,1.4764000006834976
940,MEDIUM (Paris Core),94138281,260688993,1063.925384840147,156,0.5884000020159874,223.80976378887848,49,0.47339999946416356,49,0.4121000019949861,36,0.6176999995659571
941,MEDIUM (Paris Core),26401652,661211,3105.285019668243,716,2.668400000402471,443.90642694733623,157,1.1057000010623597,138,1.2614000006578863,80,1.3342999991436955
942,MEDIUM (Paris Core),11187908907,15860541,4805.677816808983,1572,5.765300000348361,650.5748914884255,353,2.288100000441773,291,2.290799999173032,199,3.2242000015685335
943,MEDIUM (Paris Core),25186689,123482364,3594.871744818934,2086,7.849099998566089,697.9509099170181,288,1.9112000009045005,205,1.6806000021460932,166,2.839499997207895
944,MEDIUM (Paris Core),96141540,524699822,567.6386467914323,30,0.11730000187526457,94.07851190783879,15,0.10710000060498714,15,0.14100000043981709,15,0.27889999910257757
945,MEDIUM (Paris Core),94143079,246144547,4107.157429485083,1580,5.732300000090618,664.0871010511593,519,3.287100000306964,144,1.4287000012700446,134,3.069799997319933
946,MEDIUM (Paris Core),332476878,368139,850.95347781558,70,0.25580000146874227,174.26952317931585,26,0.18589999672258273,26,0.3211999974155333,25,0.47819999963394366
947,MEDIUM (Paris Core),26400956,5881319924,1848.4972035367618,251,0.927699999010656,346.47390214189505,74,0.46239999937824905,59,0.6859000022814143,48,1.275400001759408
948,MEDIUM (Paris Core),123532977,24984073,2825.4800411852098,460,1.7067000007955357,400.53876952633084,154,0.9881000005407259,136,1.5543000008619856,76,1.4039999987289775
949,MEDIUM (Paris Core),151357502,174979761,1006.0047407338996,136,0.5237000004854053,175.16941105437184,31,0.24090000079013407,30,0.4406000007293187,29,0.6608000003325287
950,MEDIUM (Paris Core),264494546,153505343,4430.295589125876,1743,6.6882999999506865,659.6137225777616,694,4.136899999139132,429,4.841000001761131,348,5.565600000409177
951,MEDIUM (Paris Core),5059182773,302576347,3082.4716998540766,596,2.149800002371194,503.9495749708628,375,2.214399999502348,309,3.2108999985211994,254,3.6575999984052032
952,MEDIUM (Paris Core),25272946,26401659,2320.678186311064,643,2.3505999997723848,389.3004428229058,142,0.7753999998385552,124,1.0922000001301058,122,1.6061999995145015
953,MEDIUM (Paris Core),13506342363,235806764,1228.317417149072,142,0.5522999999811873,220.85299636863516,32,0.2241000001959037,29,0.29629999698954634,29,0.5540999991353601
954,MEDIUM (Paris Core),21648577,207273409,2161.359468198349,345,1.3934999988123309,339.76857589583744,79,0.532900001417147,51,0.47389999963343143,41,0.7394999993266538
955,MEDIUM (Paris Core),94161172,25273483,1306.424545712706,259,0.9295999989262782,215.54664409920883,93,0.5584999998973217,90,0.9682999989308883,88,1.4153999982227106
956,MEDIUM (Paris Core),24958752,148944645,3828.4183973653585,895,3.5576999980548862,517.4358573198983,303,2.062600000499515,71,0.7573000002594199,71,1.2885999967693351
957,MEDIUM (Paris Core),123457135,338489577,1105.1992909155706,182,0.8507000020472333,205.5524903609467,23,0.20310000036261044,23,0.3440000000409782,23,0.44949999937671237
958,MEDIUM (Paris Core),24958750,507255428,1558.3042880834823,196,0.7302000012714416,210.08842597735867,32,0.21560000095632859,32,0.3098999986832496,32,0.44999999954598024
959,MEDIUM (Paris Core),151360584,25031257,2665.7152562364067,827,3.1686000002082437,447.5189423029155,142,0.978299998678267,84,0.7963999996718485,83,1.3457999993988778
960,MEDIUM (Paris Core),36472569,9868298080,4330.6871264320735,644,2.7433000032033306,555.115303661651,469,3.1649000011384487,202,1.9619999984570313,168,3.025300000444986
961,MEDIUM (Paris Core),1420142600,123479621,2540.877676078769,661,2.588599996670382,409.756423725489,97,0.6409999987226911,72,0.6681999984721188,71,1.1722000017471146
962,MEDIUM (Paris Core),697887996,94138857,780.5580997480431,64,0.23460000011255033,138.89794791067183,31,0.19869999960064888,31,0.27299999783281237,31,0.4865000009885989
963,MEDIUM (Paris Core),202817910,12966545618,1389.9102478612074,158,0.6017999985488132,281.9832822228312,36,0.2967999971588142,36,0.3223999992769677,36,0.6127000015112571
964,MEDIUM (Paris Core),117092534,175047091,2080.34752848885,460,1.6488000001118053,377.27441611278124,95,0.7243000000016764,81,0.6849000019428786,69,1.0197000010521151
965,MEDIUM (Paris Core),367947,25273887,1976.309574216885,467,1.8412999997963198,536.4550952357615,157,1.123499998357147,55,0.5007999970985111,55,1.3887000022805296
966,MEDIUM (Paris Core),21378247,663249339,2704.7791492394645,884,3.323700002511032,463.4945050697238,402,2.5504000004730187,341,2.73390000074869,303,5.181000000447966
967,MEDIUM (Paris Core),14956542,25272917,5449.113406125544,1133,4.179300001851516,763.3258754176786,635,4.787500001839362,79,0.7396000000881031,79,1.7550999982631765
968,MEDIUM (Paris Core),420673782,24959185,3088.077081140506,1240,4.511600000114413,508.4135498393268,238,1.7495000029157382,157,1.3068999978713691,99,1.9428000014158897
969,MEDIUM (Paris Core),235830503,8547341737,2865.2333406433463,681,2.5031999975908548,422.31316471496274,105,0.7487000002583954,68,0.5939000002399553,42,0.872299999173265
970,MEDIUM (Paris Core),9431369513,11187908908,2240.967738339596,405,1.4960000007704366,350.63472491942474,110,0.7865999978093896,93,0.782199997047428,80,1.4335999985632952
971,MEDIUM (Paris Core),34096774,25275080,3214.218115543984,1190,4.535400003078394,550.5173083651902,512,3.7564999984169845,373,3.0406000005314127,292,6.251899998460431
972,MEDIUM (Paris Core),11187908907,25581033,1332.491948972597,296,1.1554000011528842,259.65341726554516,110,0.738000002456829,107,0.8387999987462536,76,1.3913000002503395
973,MEDIUM (Paris Core),25255898,7091915216,2148.2832165889413,692,2.7982999999949243,386.52818782522684,417,2.7685000022756867,265,2.362300001550466,230,4.400099998747464
974,MEDIUM (Paris Core),676821315,24959177,1534.128100564916,299,1.0828000013134442,290.86370632908876,117,0.7255999989865813,94,0.8144000021275133,64,1.1220000014873222
975,MEDIUM (Paris Core),25033162,367979,2868.5804645808726,748,2.8633000001718756,444.81932841943717,59,0.4735000002256129,49,0.43880000157514587,49,0.886099998751888
976,MEDIUM (Paris Core),644163,25031319,1174.2840924810644,188,0.7162999972933903,206.20091086392694,25,0.19129999782308005,22,0.21159999960218556,25,0.5081000017526094
977,MEDIUM (Paris Core),25033079,24965974,988.6665936173974,129,0.48130000141100027,206.14519290873199,60,0.36129999716649763,51,0.41150000106426887,51,0.7096000008459669
978,MEDIUM (Paris Core),693550591,24984323,1481.762623456215,258,0.9050000007846393,302.22360524036003,112,0.661899997794535,39,0.31569999919156544,38,0.6020000000717118
979,MEDIUM (Paris Core),11030262634,94157762,2892.016649588439,627,2.3588000003655907,415.6949996349422,160,1.038500002323417,143,1.2133999989600852,52,1.236700001754798
980,MEDIUM (Paris Core),14950168,214885022,1193.82504029737,186,0.734499997633975,214.91285712142516,80,0.574500001675915,41,0.3797999997914303,40,0.8901000001060311
981,MEDIUM (Paris Core),25034403,1789062002,3181.5354232705245,1131,5.208499998843763,494.60411451696524,73,0.6286000025284011,73,0.7406000004266389,69,1.5816000013728626
982,MEDIUM (Paris Core),25034117,25033048,726.7787851272136,90,0.3538000019034371,122.25267024652355,62,0.4081999977643136,61,0.48710000191931613,29,0.7356000023719389
983,MEDIUM (Paris Core),94161169,25256262,3625.8324904885303,1312,5.896700000448618,682.5853592890086,77,0.5807999987155199,77,0.7422999988193624,77,1.5846000023884699
984,MEDIUM (Paris Core),247756542,21647887,351.1592641756415,18,0.08850000085658394,58.97845179366702,9,0.1049999991664663,9,0.09359999967273325,9,0.19180000163032673
985,MEDIUM (Paris Core),169320944,507255428,3355.0812324904914,995,4.27040000067791,553.840677387912,281,1.7292999982601032,256,1.8926000011560973,186,3.1619000001228414
986,MEDIUM (Paris Core),24958747,34674622,3320.1410962578857,1122,4.945800003042677,521.0663228529049,168,1.224199997523101,109,0.8782000004430301,105,1.6318999987561256
987,MEDIUM (Paris Core),24972324,2419399455,3051.678505135826,774,3.613299999415176,439.2997294701304,153,1.0093999990203883,150,1.4183999992383178,138,2.2758000013709534
988,MEDIUM (Paris Core),24959041,94173548,2743.075249300723,555,2.1965999985695817,390.32078400170684,132,0.8904999995138496,112,0.9622999968996737,45,0.9960999996110331
989,MEDIUM (Paris Core),367918343,36594332,3918.465426253458,1495,6.371699997544056,615.6713506784192,434,2.902700001868652,228,2.0304999998188578,220,4.6314999999594875
990,MEDIUM (Paris Core),6102497607,25253765,2231.0706399734795,683,2.842699999746401,460.694708967224,101,0.7146000025386456,100,0.8997000004455913,99,2.0589999985531904
991,MEDIUM (Paris Core),1928862527,25207334,598.1993421024691,28,0.11280000035185367,74.7655875373418,11,0.06829999983892776,11,0.0911999995878432,11,0.2783999989333097
992,MEDIUM (Paris Core),1519498106,264494546,644.2837730800811,30,0.14549999832524918,100.42368939036368,11,0.06930000017746352,11,0.10000000111176632,11,0.2663999985088594
993,MEDIUM (Paris Core),9429648011,24923329,738.6186808453216,119,0.4583000009006355,155.05634921285983,35,0.2167999991797842,34,0.2922999992733821,30,0.6456000010075513
994,MEDIUM (Paris Core),25671506,676872513,1622.8053066782809,124,0.45959999988554046,229.43782439406428,86,0.5898000017623417,48,0.39819999801693484,45,0.8871999998518731
995,MEDIUM (Paris Core),26588862,94170852,3140.728400306626,1073,4.064500000822591,504.48740439261263,243,1.7369999986840412,223,2.0074000021850225,83,1.6137999991769902
996,MEDIUM (Paris Core),178761212,13511839729,4513.9442825505075,765,3.1237000002874993,553.212392947875,368,2.668100001756102,361,3.184499997587409,245,4.67229999776464
997,MEDIUM (Paris Core),36472843,25191080,2293.993785665984,286,1.1404000033508055,297.10351587264915,152,0.9319999990111683,81,0.6936000027053524,68,1.350400001683738
998,MEDIUM (Paris Core),2399876970,36594365,1638.084363850251,421,1.5652000001864508,302.2868852080611,203,1.302700002270285,138,1.1176000007253606,49,1.1520000007294584
999,MEDIUM (Paris Core),25033915,256697274,3180.1465968493003,700,2.6748999989649747,464.0548945756299,81,0.674099999741884,80,0.6925000016053673,78,1.4746999986527953
1000,MEDIUM (Paris Core),94151147,27235142,3797.4127900209774,963,3.7551999994320795,536.1734157106401,265,1.9208999983675312,155,1.4511000008496922,154,2.8123999982199166
1001,HIGH (Pittsburgh Rivers),1252057980,5716523024,2482.6249737614257,710,4.566200001136167,346.30822892901244,252,2.3873999998613726,162,2.1780000024591573,74,2.0559000004141126
1002,HIGH (Pittsburgh Rivers),104675406,105095072,559.8114878189955,45,0.2709000000322703,67.74657998118181,12,0.11249999806750566,12,0.1475000026402995,12,0.2530000019760337
1003,HIGH (Pittsburgh Rivers),105016673,105702843,5632.782246063195,1378,7.666199999221135,500.77398012067744,415,2.7703000014298595,138,1.2747000000672415,116,1.8795000032696407
1004,HIGH (Pittsburgh Rivers),104891049,105046756,4966.3181613490815,1489,7.663299998966977,495.1424960214378,357,2.650599999469705,234,2.499599999282509,146,2.427199997327989
1005,HIGH (Pittsburgh Rivers),104786392,5271208850,1578.061748283454,336,1.5318999976443592,211.01978262839265,115,0.7302999983949121,45,0.49700000090524554,45,0.8409000001847744
1006,HIGH (Pittsburgh Rivers),105010631,104616564,2333.0851315734985,821,4.105299998627743,376.72612246068195,332,2.355500000703614,221,1.8627000026754104,99,1.2475000003178138
1007,HIGH (Pittsburgh Rivers),105965344,1831532923,3018.5879864804156,837,3.7783000007038936,364.2011374717534,77,0.5471999975270592,77,0.7982999995874707,72,1.3041999991401099
1008,HIGH (Pittsburgh Rivers),8843910047,3195259027,4853.069550321523,2318,11.385899997549132,608.9110762987533,585,4.452799999853596,520,5.163400001038099,387,6.170399999973597
1009,HIGH (Pittsburgh Rivers),104617025,105048123,4410.818545860017,1196,5.478000002767658,484.8798221011071,284,2.1377000011852942,261,2.693599999474827,197,3.568500000255881
1010,HIGH (Pittsburgh Rivers),107676335,6904129545,4713.079228673985,1644,7.170199998654425,531.3500299341752,516,3.7500999969779514,230,2.6703000003180932,102,2.562900001066737
1011,HIGH (Pittsburgh Rivers),107606981,104658763,5834.760268567074,2472,11.135199998534517,679.8916358435831,926,5.897499999264255,564,5.098100002214778,373,6.972299997869413
1012,HIGH (Pittsburgh Rivers),105985047,104675406,5173.917572692109,1581,7.751599998300662,519.769345446374,418,2.765900000667898,415,4.331699998147087,179,3.2997000016621314
1013,HIGH (Pittsburgh Rivers),685065490,5312910421,3187.3475374573463,239,1.0417000012239441,252.30875657825004,101,0.6223000018508174,87,0.8038000014494173,54,1.1008000001311302
1014,HIGH (Pittsburgh Rivers),105773566,104647788,3479.7907087293165,1813,8.163999998942018,469.5823780408406,356,2.1476000001712237,269,3.0587999972340185,63,1.6102000008686446
1015,HIGH (Pittsburgh Rivers),104683263,107671278,717.5460316818825,277,1.264999998966232,219.29264891458956,69,0.5596000009973068,66,0.865699999849312,56,1.100199999200413
1016,HIGH (Pittsburgh Rivers),104934216,104878620,2383.102581836776,659,2.912899999500951,273.9844725889059,207,1.2851000028604176,39,0.6283999973675236,37,0.8081000014499296
1017,HIGH (Pittsburgh Rivers),684666768,104826955,2179.526142217825,698,3.0589000016334467,294.5109939867442,287,1.7165999997814652,234,2.312500000698492,152,2.4351000029128045
1018,HIGH (Pittsburgh Rivers),104801871,104675882,4833.845383996883,1539,6.671899998764275,494.437378996181,553,3.2742000003054272,349,3.3375999992131256,301,4.863800000748597
1019,HIGH (Pittsburgh Rivers),1459469215,104810338,3253.697687425687,719,2.9364000001805834,326.44643496536514,84,0.5333999979484361,62,0.5577999982051551,41,0.7031000022834633
1020,HIGH (Pittsburgh Rivers),684907145,107606981,1709.5396464653707,261,1.19510000149603,179.30072823157766,21,0.22959999841987155,20,0.24589999884483404,19,0.3918000002158806
1021,HIGH (Pittsburgh Rivers),684907393,104852207,3829.602843440821,2154,9.59810000131256,530.2930458180577,311,1.8256000003020745,183,1.7695000024104957,174,2.8631999994104262
1022,HIGH (Pittsburgh Rivers),315295698,104590338,1515.310744514153,588,2.6909999978670385,285.0902285198771,103,0.6800000010116491,99,1.0392999975010753,79,1.5580999970552512
1023,HIGH (Pittsburgh Rivers),683770648,105158805,3705.2102009869054,1083,5.215500001213513,493.048928754496,441,2.642400002514478,175,1.7281000000366475,150,2.3728000014671125
1024,HIGH (Pittsburgh Rivers),105883870,104732091,4918.867002450414,1934,8.627600000181701,518.9053891964169,56,0.40330000047106296,56,0.6045000009180512,56,1.0242999996989965
1025,HIGH (Pittsburgh Rivers),6264813274,104716866,3605.119197782484,1438,6.317499999568099,419.98405832259385,630,3.5563999990699813,176,1.5264000030583702,150,2.0678000000771135
1026,HIGH (Pittsburgh Rivers),105131904,760849106,4652.686449981072,1526,6.39959999898565,509.1906086369448,461,2.5668000016594306,157,1.4568999977200292,92,1.4682000000902917
1027,HIGH (Pittsburgh Rivers),105830980,104535919,2679.166750928642,494,2.4436000021523796,292.90089262460197,167,1.3948000014352147,128,1.5354999995906837,102,2.0385999996506143
1028,HIGH (Pittsburgh Rivers),104185906,105050237,2628.5684796379683,511,2.411900000879541,329.2115453988421,203,1.557600000523962,89,0.9883000020636246,69,1.3164999982109293
1029,HIGH (Pittsburgh Rivers),105731504,105220302,1414.694204259938,587,2.5903999994625337,267.6770134072187,188,1.0908000003837515,181,1.9339999998919666,180,2.451899999869056
1030,HIGH (Pittsburgh Rivers),104712752,104567399,5009.88183883602,987,4.37199999942095,405.9333387059488,544,3.242900002078386,185,1.6766999979154207,60,0.9796000013011508
1031,HIGH (Pittsburgh Rivers),104613810,104944408,2724.365800476178,560,2.6704000010795426,265.62330292956733,127,0.9365000005345792,116,1.1884999985340983,112,1.9076000025961548
1032,HIGH (Pittsburgh Rivers),104707679,5002329505,5823.47733505956,1405,6.334699999570148,489.68960440072686,44,0.32020000071497634,44,0.428999999712687,43,0.8046000002650544
1033,HIGH (Pittsburgh Rivers),684666857,105012701,851.6687255543904,59,0.2668000015546568,83.19875557674871,20,0.16680000044289045,18,0.17839999782154337,14,0.2858000007108785
1034,HIGH (Pittsburgh Rivers),104381579,104817828,3048.786651523093,807,3.4439000010024756,335.54705210632255,327,2.047499998298008,235,2.069600002869265,164,2.65150000268477
1035,HIGH (Pittsburgh Rivers),105731559,104838050,1954.0334492390864,393,1.7340000013064127,231.58976515763695,106,0.7015000010142103,99,0.931700000364799,84,1.5478999994229525
1036,HIGH (Pittsburgh Rivers),1014900070,105009435,4476.221768289742,557,2.58409999878495,377.87112053801667,171,1.111799996579066,105,0.9282999999413732,83,1.275599999644328
1037,HIGH (Pittsburgh Rivers),106052273,686444577,3730.9274795057113,1203,5.193900000449503,405.4214016002408,586,4.070800001500174,301,2.660199999809265,144,2.2853000009490643
1038,HIGH (Pittsburgh Rivers),105210452,5000839493,3536.073694964213,532,2.209500002209097,287.309568988638,175,1.1228000003029592,71,0.7053000008454546,56,0.9122000010393094
1039,HIGH (Pittsburgh Rivers),106108523,106068963,2698.955774407628,613,2.7539999973669183,379.8119261895626,100,0.7121999988157768,79,0.699799998983508,78,1.15899999946123
1040,HIGH (Pittsburgh Rivers),106025811,104685363,581.2416319906533,26,0.12570000035339035,60.24939183256503,14,0.12989999959245324,9,0.12080000306013972,9,0.2229999990959186
1041,HIGH (Pittsburgh Rivers),3250543276,4636463450,3468.3433283075915,881,4.023400000733091,394.75833405113207,446,3.2862000007298775,313,3.106100000877632,212,3.433699999732198
1042,HIGH (Pittsburgh Rivers),3661870199,104775410,5403.601729457066,1859,8.49730000118143,498.82678222757687,257,1.841900000727037,122,1.0363000001234468,123,1.7570000018167775
1043,HIGH (Pittsburgh Rivers),105121204,104650352,3571.8778068757006,616,2.8255000033823308,326.83743553807693,122,0.9277999997721054,118,1.0913000005530193,111,1.7850999975053128
1044,HIGH (Pittsburgh Rivers),105158211,104647071,3341.961308287429,1335,6.089399998018052,387.30518837868175,333,2.040299998043338,208,1.6937000000325497,208,2.9666000009456184
1045,HIGH (Pittsburgh Rivers),104874146,104504426,707.017700118311,90,0.4186999976809602,108.50916388847918,36,0.27630000113276765,20,0.20989999757148325,20,0.3853999987768475
1046,HIGH (Pittsburgh Rivers),3116168174,105096521,1995.411693162417,114,0.6196000031195581,157.68431625538113,34,0.23460000011255033,30,0.28750000274158083,29,0.483600000734441
1047,HIGH (Pittsburgh Rivers),271192538,104576155,4120.986879153515,2499,11.654300000373041,605.126309432899,501,3.500200000416953,316,2.9061999994155485,225,3.5743000007641967
1048,HIGH (Pittsburgh Rivers),105863907,105191642,1260.3517872640373,350,1.6190999995160382,181.05839195024305,47,0.42640000174287707,47,0.5587000014202204,47,1.1826999980257824
1049,HIGH (Pittsburgh Rivers),105100304,104842499,1860.6471041923512,685,3.165000001899898,292.2017852159472,135,0.9992000013880897,48,0.5629000006592833,48,0.8980999991763383
1050,HIGH (Pittsburgh Rivers),104685386,104490785,2877.0776589178104,1102,4.492799998843111,408.54098113878194,558,3.412699999898905,190,1.5486999982385896,132,1.69590000223252
1051,HIGH (Pittsburgh Rivers),104682752,104890179,2931.0224226691976,856,3.625800000008894,355.80510246473807,82,0.5906999977014493,82,0.7974000000103842,73,1.128600000811275
1052,HIGH (Pittsburgh Rivers),104566764,684842312,652.3947743107329,54,0.22760000138077885,70.77415206351196,10,0.09349999891128391,10,0.10259999908157624,10,0.16739999773562886
1053,HIGH (Pittsburgh Rivers),105175558,104851864,1579.8595700925098,373,1.537399999506306,317.37275465425785,152,1.137799998105038,150,1.4320999980554916,145,2.1736000016971957
1054,HIGH (Pittsburgh Rivers),105830980,105231690,1697.462030076011,218,1.0065000024042092,208.29771374327552,108,0.8582000009482726,108,1.0761999983515125,59,0.8907999981602188
1055,HIGH (Pittsburgh Rivers),104613785,105169607,3149.059865607833,998,4.783600001246668,404.8415528170717,92,0.7805999994161539,92,1.001900000119349,90,1.5045000000100117
1056,HIGH (Pittsburgh Rivers),5409107448,105963831,1120.6945971362975,57,0.2548000011302065,100.9932864244218,8,0.05610000152955763,8,0.07949999780976214,8,0.1250000022992026
1057,HIGH (Pittsburgh Rivers),4636463467,104548142,2807.806276308441,701,3.357099998538615,331.75255161938,355,2.354599997488549,253,2.127299998392118,167,2.298399998835521
1058,HIGH (Pittsburgh Rivers),104866216,105776654,1956.9644780200597,363,1.6436999976576772,206.0290647801126,135,0.9338999989267904,135,1.129100000980543,59,0.8617999992566183
1059,HIGH (Pittsburgh Rivers),104451970,104381579,6358.831135428524,1466,6.993000002694316,589.4177692387552,224,1.718399998935638,224,2.075600001262501,109,1.987899999221554
1060,HIGH (Pittsburgh Rivers),104957455,104650329,1636.790312894509,213,0.9906999985105358,172.53926246692257,59,0.35289999868837185,47,0.4048000009788666,34,0.6135000003268942
1061,HIGH (Pittsburgh Rivers),105852233,105758262,3791.664566432285,1642,7.83180000144057,421.1030358047217,457,2.969900000607595,348,2.9230999971332494,197,2.6866999978665262
1062,HIGH (Pittsburgh Rivers),105096391,104843411,3520.6609830653715,794,3.4306000015931204,309.0526081420603,272,1.771700000972487,111,1.0373000004619826,102,1.691700002993457
1063,HIGH (Pittsburgh Rivers),3416909072,3978329682,5052.620248843461,915,4.0430999979435,413.93556321351116,210,1.7360999991069548,184,1.6858000017236918,104,1.804300001822412
1064,HIGH (Pittsburgh Rivers),656068411,339262253,1708.490504713414,303,1.4074000027903821,237.8206970391915,238,1.5977000002749264,204,1.6815000017231796,111,1.6584000004513655
1065,HIGH (Pittsburgh Rivers),2394459689,106329632,828.456113553741,70,0.2868999981728848,124.7674757796718,45,0.2440999996906612,45,0.33799999800976366,45,0.496299999213079
1066,HIGH (Pittsburgh Rivers),104728808,105123170,3326.0790056631013,1044,4.656699999031844,369.10015872940926,266,1.626699999178527,225,1.8414999976812396,112,1.7145000019809231
1067,HIGH (Pittsburgh Rivers),106094180,2029509537,2884.5427540404257,608,2.7821999974548817,379.96482142587314,257,1.8596000008983538,255,2.387500000622822,169,3.010500000527827
1068,HIGH (Pittsburgh Rivers),1025816741,105174981,1259.5520308050973,284,1.234799998201197,162.39135960238391,43,0.30170000172802247,43,0.42389999725855887,43,0.7208999995782506
1069,HIGH (Pittsburgh Rivers),104957449,106021069,3535.8294881352926,1226,5.6790000016917475,382.71212636895063,309,1.8931999984488357,270,2.1949999973003287,100,2.3452000023098662
1070,HIGH (Pittsburgh Rivers),5175252868,104705826,2366.3152855177386,651,3.027399998245528,279.5711981183923,87,0.5282000020088162,79,0.6778999995731283,40,1.0798999974213075
1071,HIGH (Pittsburgh Rivers),104533489,687149557,4163.396825160614,1306,6.378500002028886,412.8638865279354,195,1.2267000020074192,52,0.5071999985375442,51,1.23399999938556
1072,HIGH (Pittsburgh Rivers),665550120,105035288,3442.8676097911653,717,3.2221000001300126,322.4808716707148,173,1.1701000003085937,170,1.5367999985755887,58,1.7084999999497086
1073,HIGH (Pittsburgh Rivers),684907506,105902469,1187.661268675888,161,0.7592000001750421,206.78546361847413,30,0.2246999974886421,30,0.2989999993587844,30,0.8146000000124332
1074,HIGH (Pittsburgh Rivers),104872198,104534366,3231.3441799319794,323,1.6089000018837396,332.0823908910456,64,0.43339999683666974,60,0.5375000000640284,30,0.8576000000175554
1075,HIGH (Pittsburgh Rivers),105096576,104919562,3314.384467639672,948,4.1947999998228624,355.102361440402,274,1.5999000024748966,227,1.8173999997088686,198,4.3917000002693385
1076,HIGH (Pittsburgh Rivers),104647808,105100386,5218.631757635306,1479,6.750000000465661,602.0750220087358,100,0.8631999990029726,99,0.9921999990183394,99,2.6953000015055295
1077,HIGH (Pittsburgh Rivers),339256649,4599846705,2855.6495119268993,257,1.2239000025147106,230.0980430023488,20,0.15979999807314016,18,0.19489999976940453,18,0.528900000063004
1078,HIGH (Pittsburgh Rivers),104668928,105902445,1150.7482392004274,166,0.7074000022839755,137.72482918484585,31,0.22060000264900737,31,0.29599999834317714,28,0.5909999999857973
1079,HIGH (Pittsburgh Rivers),104919545,105026218,1669.8280895909973,322,1.4852000022074208,240.87972316440985,155,1.0533999993640464,141,1.2113999982830137,64,1.1468999982753303
1080,HIGH (Pittsburgh Rivers),105165804,104663859,4665.361417138465,1837,7.987199998751748,510.8595933623264,161,1.1770999990403652,158,1.5473999992536847,69,1.31379999947967
1081,HIGH (Pittsburgh Rivers),104911976,104670458,663.3803446263499,218,1.0135999982594512,156.3567126758528,96,0.5783999986306299,96,0.7643000026291702,50,1.3367999999900348
1082,HIGH (Pittsburgh Rivers),104692558,105937935,7442.308377657272,1734,8.305099996505305,616.0483554458115,319,2.20650000119349,261,2.5787000013224315,235,4.090200000064215
1083,HIGH (Pittsburgh Rivers),105232510,104802067,1020.264464799842,135,0.647599998046644,133.21059503349608,15,0.12290000086068176,15,0.1680999994277954,15,0.3203000014764257
1084,HIGH (Pittsburgh Rivers),104997514,106044431,3983.7578219399365,1257,6.138199998531491,463.5572518185087,774,5.144400001881877,682,5.853700000443496,606,10.03109999874141
1085,HIGH (Pittsburgh Rivers),2810380032,2400997605,2378.593184860646,399,1.8636999993759673,312.21588750157457,201,1.375999996525934,38,0.4395000032673124,38,0.8979000012914184
1086,HIGH (Pittsburgh Rivers),105036933,105813837,3444.601197799163,690,3.1084000002010725,375.1109089272475,67,0.4817000008188188,63,0.6248999998206273,58,1.0753999995358754
1087,HIGH (Pittsburgh Rivers),104642160,104842960,4396.7015011211915,1739,7.6812000006611925,498.43229743514,391,2.436999999190448,324,2.703400001337286,158,2.534799998102244
1088,HIGH (Pittsburgh Rivers),104593129,104571246,3562.2211162875583,1117,4.730200002086349,405.5495628225297,104,0.7556000018666964,104,1.0468000000400934,61,1.3112999986333307
1089,HIGH (Pittsburgh Rivers),105165247,105123151,590.689463496898,36,0.16540000069653615,62.97037468322034,8,0.06500000017695129,8,0.08539999907952733,8,0.1967999996850267
1090,HIGH (Pittsburgh Rivers),104616564,683770731,4392.765365703776,453,2.2409000011975877,327.6797611259433,116,0.7065999998303596,100,0.8431000023847446,102,1.4355000021168962
1091,HIGH (Pittsburgh Rivers),105759507,104639490,3751.9499593964015,1623,7.280200003151549,463.01414506350164,936,6.259700003283797,457,4.071199997270014,114,1.9248999997216742
1092,HIGH (Pittsburgh Rivers),104852745,104685327,2955.1364931940416,789,3.534600000421051,324.7398923189646,201,1.1838999998872168,150,1.3017000019317493,77,1.3116000009176787
1093,HIGH (Pittsburgh Rivers),104969951,104528829,1861.1746356139558,146,0.7829999995010439,208.94507987030985,62,0.45930000123917125,53,0.6024999966030009,43,0.8302999995066784
1094,HIGH (Pittsburgh Rivers),105048117,106056485,2013.984723986713,438,2.0736000005854294,242.60747197826896,141,1.000600001134444,84,0.8205999984056689,79,1.4187999986461364
1095,HIGH (Pittsburgh Rivers),104821831,104586530,335.0458215785187,25,0.1233000002685003,40.12047853619338,8,0.08600000001024455,8,0.11950000043725595,6,0.16679999680491164
1096,HIGH (Pittsburgh Rivers),105774981,1364261830,4143.588581611947,600,2.7530000006663613,385.440442403196,56,0.44349999734549783,52,0.5525999986275565,34,0.7249000009323936
1097,HIGH (Pittsburgh Rivers),104192015,107506886,3761.0003278653417,1142,5.683800001861528,452.0495546373197,285,2.1646000022883527,279,2.7692000003298745,253,4.211399998894194
1098,HIGH (Pittsburgh Rivers),656068411,105965344,1213.3900978017325,441,1.9910999981220812,270.0974873080256,215,1.3421000003290828,124,1.1428999969211873,51,1.0098999991896562
1099,HIGH (Pittsburgh Rivers),106041343,105836427,1445.6058317279192,644,3.0834999997750856,291.8710188308369,291,1.6468000030727126,193,1.5929000001051463,145,2.145300000847783
1100,HIGH (Pittsburgh Rivers),5002329498,105026218,4860.249411631943,1042,5.558500000915956,501.4963488734367,358,2.4950000006356277,280,2.749199997197138,184,3.1923999995342456
1101,HIGH (Pittsburgh Rivers),683770818,104196960,6048.706534725858,2031,11.102600001322571,568.8219092239931,482,3.1595000000379514,251,2.2802999992563855,200,3.0307999986689538
1102,HIGH (Pittsburgh Rivers),271197824,104902942,1992.3283636963972,896,4.559899996820604,319.57159441382515,238,1.4031999999133404,137,1.2137000012444332,65,1.01619999986724
1103,HIGH (Pittsburgh Rivers),5002172546,7223399698,2873.9910374192236,437,1.9758000016736332,262.46431894853475,28,0.2167999991797842,28,0.29689999792026356,28,0.5042999982833862
1104,HIGH (Pittsburgh Rivers),5320858455,104801887,5687.91247043671,857,4.11549999989802,442.0566819472962,119,0.6917999999132007,117,0.9576000011293218,73,1.1235999991185963
1105,HIGH (Pittsburgh Rivers),104946172,107557315,4408.855989840836,1163,6.1218000009830575,448.45266317789196,586,3.9281999997911043,426,3.9137000021582935,211,3.202899999450892
1106,HIGH (Pittsburgh Rivers),4388716688,5716523024,3060.6952875003176,414,3.70900000052643,291.6950456798292,61,0.49199999921256676,55,0.6113999988883734,32,0.7011000016063917
1107,HIGH (Pittsburgh Rivers),105042753,104851864,6195.319856177416,2304,13.201699999626726,654.3719331740214,890,5.762600001617102,835,7.664599997951882,224,3.7305000005289912
1108,HIGH (Pittsburgh Rivers),104933455,4606450644,4820.1258347277435,1254,6.269400000746828,441.73043200050734,393,2.485799999703886,251,2.401800000370713,171,2.7384999993955716
1109,HIGH (Pittsburgh Rivers),107580584,6532005778,2514.5697043572814,911,4.407500000525033,322.9004337569874,446,2.7657999999064486,193,1.8007000035140663,176,2.6088999984494876
1110,HIGH (Pittsburgh Rivers),271196099,104361808,1105.656516810442,123,0.5318000003171619,107.70845300415382,36,0.2702999991015531,33,0.35149999894201756,29,0.5281999983708374
1111,HIGH (Pittsburgh Rivers),1253610089,105940663,3560.52031564458,407,2.139200001693098,333.9329321672961,225,1.5525999988312833,113,1.0747999986051582,88,1.416600000084145
1112,HIGH (Pittsburgh Rivers),104567408,104865967,2986.40853658902,757,3.4159999995608814,369.08149357896235,187,1.1852000025101006,171,1.6027000019676052,150,2.2601999990001787
1113,HIGH (Pittsburgh Rivers),684861901,105012363,1339.0373918482676,54,0.23190000138129108,112.13787615398749,10,0.06489999941550195,10,0.10000000111176632,10,0.17600000137463212
1114,HIGH (Pittsburgh Rivers),5312910369,104774888,1838.4980124235917,242,1.0163000006286893,376.99720458001934,76,0.44319999869912863,76,0.5965999989712145,56,0.7499999992433004
1115,HIGH (Pittsburgh Rivers),684861957,104776856,2662.4964468131607,403,1.7665000013948884,258.2425734597746,119,0.6859000022814143,52,0.47900000208755955,52,0.7721999973000493
1116,HIGH (Pittsburgh Rivers),104678080,105748975,3653.8730096647946,1400,6.576600000698818,503.059234081843,761,4.8463999992236495,75,0.728700000763638,75,1.1812000011559576
1117,HIGH (Pittsburgh Rivers),105688792,104538530,980.312207214823,125,0.5798999991384335,106.51290351803867,45,0.4702000005636364,27,0.2839999979187269,17,0.32469999860040843
1118,HIGH (Pittsburgh Rivers),5851379485,104946100,3552.5920665646854,1111,4.841799996938789,405.55492717472316,462,3.3908000004885253,420,3.665800002636388,261,3.938199999538483
1119,HIGH (Pittsburgh Rivers),6904150783,104571391,1921.9235510036483,535,2.535299998271512,250.7237291807926,154,1.3768999997409992,154,1.4367000003403518,104,2.006000002438668
1120,HIGH (Pittsburgh Rivers),683704630,1285248313,1037.3184609693321,61,0.31259999741450883,100.67243525512656,13,0.1641000017116312,13,0.1432999997632578,13,0.29240000003483146
1121,HIGH (Pittsburgh Rivers),105963839,105857018,4058.122243451813,674,2.9566000011982396,364.69655992625206,90,0.6362999993143603,79,0.6877999985590577,35,0.6437000010919292
1122,HIGH (Pittsburgh Rivers),105030530,1025816900,4481.856333986556,1734,8.031899997149594,541.4600723110868,261,1.835799997934373,256,2.4012999965634663,228,3.355500000907341
1123,HIGH (Pittsburgh Rivers),105728320,1362263182,3057.612748680083,564,2.925599997979589,331.1847405107771,61,0.5328000006556977,51,0.5849999979545828,51,1.0001000009651762
1124,HIGH (Pittsburgh Rivers),106012497,105711313,2148.9010564294176,828,3.9800000013201497,323.62551837159333,173,1.0918999978457578,159,1.2803000026906375,150,2.0465999987209216
1125,HIGH (Pittsburgh Rivers),104685380,105116535,2419.0544143095103,556,2.848799998901086,264.0449734967669,111,0.8796000001893844,99,0.9883000020636246,74,1.1636999988695607
1126,HIGH (Pittsburgh Rivers),1253650531,104774903,4085.433652928552,1595,7.372300002316479,595.1540611685596,600,3.892100001394283,481,3.9337999987765215,254,3.941599999961909
1127,HIGH (Pittsburgh Rivers),104639597,684907776,4607.553388439455,795,4.348900001787115,433.5299831286896,258,1.8478000019968022,124,1.0738999990280718,85,1.2889999998151325
1128,HIGH (Pittsburgh Rivers),104852154,1252109230,3247.3132924427127,1047,4.840999998123152,387.8156922294911,391,2.915299999585841,345,3.177400001732167,263,4.216599998471793
1129,HIGH (Pittsburgh Rivers),5002172290,104902936,4185.901162351219,1174,5.172000001039123,546.6614344648068,237,1.688500000454951,205,1.8664000017452054,182,2.561100001912564
1130,HIGH (Pittsburgh Rivers),1025849881,105262563,910.9096732136625,245,1.0987999994540587,189.1313640625054,73,0.4712999980256427,57,0.5036000002291985,30,0.4746999984490685
1131,HIGH (Pittsburgh Rivers),2009679709,271201214,3286.5566820726776,181,0.9314999988419004,263.6116713489645,34,0.2286000017193146,27,0.23639999926672317,27,0.40069999886327423
1132,HIGH (Pittsburgh Rivers),105761869,105121190,3871.208197685058,599,2.6614000016706996,487.1573211090357,84,0.6868999989819713,86,0.7728999989922158,68,0.9897000018099789
1133,HIGH (Pittsburgh Rivers),104567399,105774981,2904.2051419961117,902,4.080099999555387,383.77392106103633,289,1.938900000823196,262,2.3058000006130897,124,1.821500001824461
1134,HIGH (Pittsburgh Rivers),5336003163,684907429,1031.6087262019494,137,0.6129000030341558,120.11002386852378,21,0.1579000017954968,21,0.2296999991813209,21,0.371000001905486
1135,HIGH (Pittsburgh Rivers),104637639,1025864009,3824.193951812449,881,3.9943000010680407,441.5536580989311,313,2.3710000023129396,276,2.48950000241166,68,1.1133000007248484
1136,HIGH (Pittsburgh Rivers),357388093,105863831,3378.7793359276216,1154,7.1363999995810445,402.8925647213409,423,2.9182999969634693,409,4.204299999400973,250,3.4583999986352865
1137,HIGH (Pittsburgh Rivers),105976456,105080744,960.9913209375694,34,0.2786999975796789,93.58223929547765,27,0.20349999977042899,27,0.29490000088117085,27,0.43230000301264226
1138,HIGH (Pittsburgh Rivers),339262895,104681336,3907.9593636598083,1315,9.08779999735998,418.60761847812984,365,2.2190999989106786,40,0.3880000003846362,40,0.5952999999863096
1139,HIGH (Pittsburgh Rivers),106021248,104893820,2130.1236083681533,350,1.56549999883282,344.00619376342655,125,0.8345999995071907,86,0.7793000004312489,81,1.1277000012341887
1140,HIGH (Pittsburgh Rivers),684996004,105774837,3433.1799617289607,1282,5.913400000281399,417.8046085485452,366,2.2251999980653636,252,2.26459999976214,189,2.4402999988524243
1141,HIGH (Pittsburgh Rivers),104591626,105728890,4450.839274087909,2139,9.988900001189904,480.84898628622824,335,2.11719999788329,296,2.702499998122221,134,2.0426000010047574
1142,HIGH (Pittsburgh Rivers),105123170,684667043,2002.093445943747,413,1.7950999972526915,216.78029888922765,40,0.2856999999494292,40,0.44890000208397396,29,0.5396000015025493
1143,HIGH (Pittsburgh Rivers),106115723,105121204,4648.084372313028,902,3.92459999784478,457.6075558911366,100,0.6722999969497323,84,0.9563999992678873,76,1.1307999993732665
1144,HIGH (Pittsburgh Rivers),6904172087,1364118592,1846.519178730027,552,2.5786999976844527,250.98574754142282,162,1.092000002245186,145,1.3460000009217765,133,2.1278999993228354
1145,HIGH (Pittsburgh Rivers),104775440,104527301,2644.5679143811326,451,2.0722999979625456,263.24864169219984,121,1.1115000015706755,104,1.1631999987002928,95,1.806399999622954
1146,HIGH (Pittsburgh Rivers),105235286,684828149,2299.9696696340475,571,2.7263000010862015,312.20357122188716,58,0.35799999750452116,58,0.5057000016677193,57,0.8519000002706889
1147,HIGH (Pittsburgh Rivers),104788622,105174997,1439.0201714526293,238,1.062799998180708,182.81194923004526,56,0.42100000064237975,56,0.5791000003227964,48,0.8844000003591646
1148,HIGH (Pittsburgh Rivers),271195846,105819728,2455.5088229309467,728,3.316799997264752,329.40409254280183,288,2.2414000013668556,122,1.1954000001423992,119,2.0541999983834103
1149,HIGH (Pittsburgh Rivers),4599846710,7280804209,3235.3350660986666,628,2.8904000027978327,306.46090195241374,104,0.7206000009318814,88,0.8754000009503216,54,1.0306000003765803
1150,HIGH (Pittsburgh Rivers),104647061,104576189,5658.357973726398,2412,10.678300001018215,639.6115238864204,770,4.93119999737246,419,3.544700000929879,230,3.521099999488797
1151,HIGH (Pittsburgh Rivers),1025817067,105774795,2173.7950426780767,550,2.444500001729466,253.91976803111424,229,1.483899999584537,158,1.4287000012700446,97,1.5509000004385598
1152,HIGH (Pittsburgh Rivers),105963872,105929653,1209.200406690216,257,1.173900000139838,213.37666311262234,138,0.9838000005402137,84,0.8048999989114236,71,1.3235000005806796
1153,HIGH (Pittsburgh Rivers),6854511945,104635892,2207.944105505528,161,0.7150999990699347,308.30772365664257,59,0.4169999992882367,59,0.5930000006628688,56,0.8828999998513609
1154,HIGH (Pittsburgh Rivers),104571334,106044431,3690.330575651039,1199,5.18730000112555,439.8587969689957,716,4.5039999968139455,683,5.795200002467027,481,7.244899999932386
1155,HIGH (Pittsburgh Rivers),105965353,107500383,4456.628967545931,2349,10.484400001587346,590.9840609778512,527,3.2148999998753425,428,3.6743999989994336,384,5.414200000814162
1156,HIGH (Pittsburgh Rivers),3629376541,105971023,3054.9297018610223,1477,6.587300002138363,507.6175490179816,642,3.9752000011503696,297,2.606599999126047,180,2.7497999981278554
1157,HIGH (Pittsburgh Rivers),271199778,1025817055,1435.4096675430296,224,1.041099996655248,180.1914121690544,32,0.21710000146413222,31,0.27599999884841964,26,0.4360000020824373
1158,HIGH (Pittsburgh Rivers),8551402546,3902361840,7859.398287078334,2201,10.001800001191441,679.2561494221003,465,3.1674999991082586,225,2.6178999978583306,97,1.5800999972270802
1159,HIGH (Pittsburgh Rivers),104670552,6324870640,6138.678601583669,2537,11.972399999649497,675.1194795551492,878,8.62079999933485,740,8.007300002645934,675,10.11579999976675
1160,HIGH (Pittsburgh Rivers),105170416,104999851,3192.3672583157854,1027,4.506400000536814,389.75908053184787,317,2.853300000424497,262,2.2661999973934144,58,1.0469999979250133
1161,HIGH (Pittsburgh Rivers),104991375,105169607,5733.283658376104,1649,7.362000000284752,624.054768819761,214,1.9523000009940006,214,2.2196999998413958,209,3.321300002426142
1162,HIGH (Pittsburgh Rivers),104934244,104774903,392.75143972106883,47,0.22449999960372224,58.40226142845955,16,0.13129999933880754,16,0.16799999866634607,15,0.25969999842345715
1163,HIGH (Pittsburgh Rivers),104625973,104705826,2824.8212058304716,1015,4.430799999681767,406.2643622794992,252,1.9042999992961995,249,2.102399997966131,59,0.9944999983417802
1164,HIGH (Pittsburgh Rivers),104463159,104564438,4886.891905900494,2047,9.149199999228586,562.6598934670353,620,4.285300001356518,423,3.903500000888016,282,4.145999999309424
1165,HIGH (Pittsburgh Rivers),104675858,105963772,2691.7039400963167,337,1.4623000024585053,258.4282164257567,42,0.3084999989368953,41,0.4459000010683667,41,0.6770999971195124
1166,HIGH (Pittsburgh Rivers),104843995,271196124,3622.331390458159,665,2.824399998644367,338.4368512746374,174,1.2137000012444332,104,1.0705000022426248,92,1.5496999985771254
1167,HIGH (Pittsburgh Rivers),5002329511,105100246,5411.206194546998,1587,8.091899999271845,637.0258250028454,774,5.052399999840418,445,3.9322000011452474,59,1.0535000001254957
1168,HIGH (Pittsburgh Rivers),104915027,5317313681,4624.510862481917,1299,5.9538000023167115,454.0393263458168,643,4.135099999984959,305,2.600499999971362,36,0.6103999985498376
1169,HIGH (Pittsburgh Rivers),104649332,10116606879,3603.3131768485123,904,4.24370000109775,407.97258875072674,306,2.0341000017651822,169,1.5759999987494666,139,2.168400002119597
1170,HIGH (Pittsburgh Rivers),1252109230,1253676459,2395.088193833481,834,3.8724999976693653,341.23253009708645,313,2.001700002438156,218,2.030100000411039,112,1.7743999997037463
1171,HIGH (Pittsburgh Rivers),339258687,104838387,1145.7612714126299,222,1.2728000001516193,145.026199444091,96,0.8784000019659288,96,0.9577999990142416,89,1.3528000017686281
1172,HIGH (Pittsburgh Rivers),105894124,105681174,3413.261151448385,947,4.371099999843864,391.9313266715372,381,2.226100001280429,73,0.6253999999898952,73,0.9790999974939041
1173,HIGH (Pittsburgh Rivers),105903455,104776847,3717.685996203419,1280,5.8702999995148275,482.5197828957299,415,2.4711000005481765,347,3.0559000006178394,116,1.9001000000571366
1174,HIGH (Pittsburgh Rivers),104661684,105754725,6369.23921209977,2325,11.985799999820301,779.9538698674722,1132,7.242600000608945,756,6.224799999472452,451,6.56189999790513
1175,HIGH (Pittsburgh Rivers),271200287,684907382,2290.0069237588727,377,2.1230999991530553,211.83128159725933,129,0.8627999995951541,31,0.28449999808799475,28,0.46010000005480833
1176,HIGH (Pittsburgh Rivers),104853954,105852122,3174.3794608533217,644,3.4005999987130053,356.22212040160065,205,1.5847000031499192,186,1.6188999979931396,32,0.620599999820115
1177,HIGH (Pittsburgh Rivers),5161995605,104637100,5130.3796203741185,1609,8.318600001075538,465.84953539484394,393,2.559199998358963,188,1.6351000012946315,122,1.765100001648534
1178,HIGH (Pittsburgh Rivers),104913860,105169848,5120.587968262136,1533,7.907100000011269,552.2836367200172,932,6.502699998236494,474,4.5755999999528285,230,3.344400000059977
1179,HIGH (Pittsburgh Rivers),105752625,12125468595,1967.7484440746027,379,1.8128000010619871,245.56108230497296,248,2.035100002103718,242,2.5604000002203975,98,1.7598999984329566
1180,HIGH (Pittsburgh Rivers),5000839153,105016673,4583.701432525433,814,4.305200000089826,342.2392055500877,151,0.9807999995246064,94,0.8610999975644518,60,0.8471000001009088
1181,HIGH (Pittsburgh Rivers),6904172090,104851850,5252.553929796131,2332,12.11920000059763,566.9405640715823,689,4.648399997677188,634,5.336400001397124,248,3.535700001521036
1182,HIGH (Pittsburgh Rivers),105170337,104398646,375.1029221743543,94,0.4350000017439015,98.09267166469132,47,0.3178000006300863,17,0.15669999993406236,15,0.219899997318862
1183,HIGH (Pittsburgh Rivers),8843910047,105805747,3110.2901893390945,847,4.5243999993545,378.0813608363542,188,1.373700000840472,187,1.7756000015651807,157,2.464599998347694
1184,HIGH (Pittsburgh Rivers),104565606,105046730,1689.2828421158395,163,0.8635000012873206,193.4618009544985,103,0.8075000005192123,88,0.9023999991768505,32,0.7092999985616188
1185,HIGH (Pittsburgh Rivers),5686218609,104990128,1403.6037903456088,423,2.067400000669295,270.1909579113183,68,0.4808000012417324,48,0.4911999967589509,47,0.7810999995854218
1186,HIGH (Pittsburgh Rivers),107572139,105225001,1371.157174642764,194,1.452900000003865,151.5791762903488,45,0.4502000010688789,43,0.4659000005631242,31,0.5697999986296054
1187,HIGH (Pittsburgh Rivers),105127196,104770345,3298.6603822866514,931,4.968699999153614,399.48930511306656,283,1.9226000003982335,230,2.078800000163028,208,3.0907000000297558
1188,HIGH (Pittsburgh Rivers),105893753,11801494648,3009.6209876112844,396,2.1584000023722183,287.66683744362905,22,0.18840000120690092,22,0.25889999960782006,22,0.44469999920693226
1189,HIGH (Pittsburgh Rivers),105206695,1025816885,823.7925233880901,164,0.8784000019659288,135.61735574083343,64,0.4604999994626269,62,0.5815000004076865,23,0.4369999987829942
1190,HIGH (Pittsburgh Rivers),104645907,105021582,2523.433825447237,614,3.2099000018206425,283.1875225442028,188,1.37160000303993,186,1.5899999998509884,119,1.7063000013877172
1191,HIGH (Pittsburgh Rivers),106343114,104990117,4306.637941387122,1149,5.8678999994299375,443.95560879104585,507,3.321000000141794,88,0.8259999995061662,78,1.1350000022503082
1192,HIGH (Pittsburgh Rivers),104613801,684666869,2509.937777129216,466,2.1449000014399644,271.06043580884204,219,1.461899999412708,188,1.6816999996080995,163,2.5682999985292554
1193,HIGH (Pittsburgh Rivers),275752340,105019279,3591.564201229452,1502,7.606300001498312,440.7289909608574,186,1.1455000021669548,149,1.2279000002308749,77,1.1190000004717149
1194,HIGH (Pittsburgh Rivers),684996163,5000839324,1619.6268742957186,42,0.17010000010486692,161.2999968357938,25,0.1691999968898017,18,0.16840000171214342,18,0.29770000037387945
1195,HIGH (Pittsburgh Rivers),275753417,104936701,3416.289711649202,1034,4.562300000543473,357.76783287260514,95,0.6337999984680209,91,0.8345999995071907,87,1.3951000000815839
1196,HIGH (Pittsburgh Rivers),104617025,6669482764,4009.8306283403203,1257,7.223999997222563,486.17748803281734,312,2.2192000033101067,299,2.66149999879417,281,4.168100000242703
1197,HIGH (Pittsburgh Rivers),517879894,105042733,4442.228937441527,1193,6.377900001098169,446.4966164180083,290,2.0577000032062642,242,2.306500002305256,171,2.6913000001513865
1198,HIGH (Pittsburgh Rivers),104670487,104527312,2634.6003757861176,534,2.749999999650754,284.8653780183147,162,1.1178999993717298,162,1.5006999965407886,67,1.1125999990326818
1199,HIGH (Pittsburgh Rivers),104617731,105246138,3270.301025862126,890,4.240300000674324,418.8686074481096,461,2.964100000099279,402,3.3373000005667564,77,1.3103999990562443
1200,HIGH (Pittsburgh Rivers),1252520624,104359605,5436.135157479939,2072,10.18109999859007,592.2127385030067,762,4.997799998818664,376,3.2117000009748153,187,2.810699999827193
1201,HIGH (Pittsburgh Rivers),104543406,1025833722,5162.786340240837,1980,9.571199996571522,548.327163026219,81,0.6149000000732485,81,0.7949999999254942,69,1.1670999992929865
1202,HIGH (Pittsburgh Rivers),106062129,104647808,6082.905104134929,2757,13.117599999532104,699.8484331485598,537,3.2731999999668915,442,3.603199998906348,127,2.0445000009203795
1203,HIGH (Pittsburgh Rivers),2315731848,105225014,3096.3838631276926,1340,5.6994000005943235,420.8696454481228,101,0.6466000013460871,98,0.9403000003658235,45,0.7240000013553072
1204,HIGH (Pittsburgh Rivers),106016696,105835089,2593.469459483737,947,4.056500001752283,393.6230164752659,300,1.8295999980182387,100,0.9374000001116656,76,1.0767999992822297
1205,HIGH (Pittsburgh Rivers),104712716,5173461945,1995.6013010892261,1536,6.871400000818539,445.5326182160786,320,2.0867999992333353,89,0.9340999968117103,69,1.1097000024165027
1206,HIGH (Pittsburgh Rivers),105836443,315295698,2511.680522534357,1362,6.204099998285528,398.4325838214293,600,4.133300000830786,398,3.5337000008439645,23,0.3896000016538892
1207,HIGH (Pittsburgh Rivers),1446495580,104939640,3026.2200583370627,679,3.220900001906557,297.98495831118913,347,2.083600000332808,278,2.375000000029104,200,2.661800001078518
1208,HIGH (Pittsburgh Rivers),684907627,104866085,3424.1689045462876,1313,5.689199999324046,392.8452723043853,389,2.2223000014491845,272,2.512299997761147,64,0.995300000795396
1209,HIGH (Pittsburgh Rivers),104650348,105804380,242.0756171293376,29,0.14220000230125152,36.61145967320489,12,0.07399999958579428,10,0.0987999992503319,10,0.152900000102818
1210,HIGH (Pittsburgh Rivers),104981480,4606450644,5533.113483379266,1699,7.734399998298613,669.6422499303519,689,4.549299999780487,556,5.607400002190843,387,6.182200002513127
1211,HIGH (Pittsburgh Rivers),105100386,104794647,674.5924372313443,79,0.4778000002261251,86.48082489727763,12,0.09670000144978985,11,0.1432999997632578,8,0.16599999798927456
1212,HIGH (Pittsburgh Rivers),104981480,105789605,6330.4874428050625,1730,7.467399998859037,671.173933418931,630,3.7001000018790364,526,4.4397000019671395,401,5.631100000755396
1213,HIGH (Pittsburgh Rivers),105044465,687149556,5462.841140886804,1820,9.038200001668883,567.7249309445973,608,3.77660000231117,374,3.4654999981285073,350,5.14879999900586
1214,HIGH (Pittsburgh Rivers),4394848928,104838380,5847.2303187180505,2200,9.749900000315392,662.782704788643,1061,6.131500002084067,660,5.824200001370627,305,4.316299997299211
1215,HIGH (Pittsburgh Rivers),1025863993,105803808,3239.263333440163,609,2.756599998974707,342.9034615184632,305,1.9561999979487155,305,2.790800001093885,73,1.237699998455355
1216,HIGH (Pittsburgh Rivers),105097439,104842932,1977.4708846601027,160,0.69449999864446,175.21420732778654,15,0.0962999984039925,15,0.14709999959450215,15,0.26340000113123097
1217,HIGH (Pittsburgh Rivers),106108570,104649338,3755.752141606396,1143,5.012899997382192,439.8745119387729,290,1.5977000002749264,233,2.0832000009249896,193,2.7139999983774032
1218,HIGH (Pittsburgh Rivers),106042479,104782683,2151.6840311869264,209,0.8998999983305112,199.58745519635255,108,0.633299998298753,91,0.7675000015296973,73,1.0477000032551587
1219,HIGH (Pittsburgh Rivers),105017073,5002172290,3178.886507901872,692,2.958500001113862,317.6876023984888,110,0.7088000020303298,79,0.6958000012673438,77,1.1486000003060326
1220,HIGH (Pittsburgh Rivers),105963747,104656759,4183.317721605985,2222,10.3966999995464,490.17305599104145,428,3.5766000000876375,363,3.194100001564948,313,4.261799997038906
1221,HIGH (Pittsburgh Rivers),3235594576,105687491,1150.7662998663377,112,0.5272000016702805,136.75902411748797,62,0.44409999827621505,26,0.27069999850937165,26,0.4208999998809304
1222,HIGH (Pittsburgh Rivers),104678053,1025834067,5334.126407164553,2588,12.117000002035638,661.498139709689,845,5.639400002110051,603,5.396599997766316,552,7.685299999138806
1223,HIGH (Pittsburgh Rivers),106021511,107506905,3240.41193269662,1136,5.020600001444109,460.98848011302374,161,1.2481999983720016,160,1.598099999682745,109,1.7094000031647738
1224,HIGH (Pittsburgh Rivers),105731548,104874762,3779.0694872118606,1100,4.98150000203168,417.11572494215557,497,3.300600001239218,413,3.543899998476263,343,4.787699999724282
1225,HIGH (Pittsburgh Rivers),3235594576,105739046,3016.223377481847,647,3.2695000008970965,300.92584185113566,96,0.7427000018651597,46,0.48270000115735456,42,0.8068999995884951
1226,HIGH (Pittsburgh Rivers),1598833805,105095113,2088.7293614281402,701,2.942700000858167,271.5982193928117,228,1.3878999998269137,159,1.3397000002441928,156,2.1815000000060536
1227,HIGH (Pittsburgh Rivers),684842393,105048117,1978.4393281566654,682,2.9268999969644938,274.4925346908122,227,1.3607999972009566,167,1.3961000004201196,160,2.2950999991735443
1228,HIGH (Pittsburgh Rivers),105042659,105792595,2099.4646664288553,525,2.543499998864718,251.36161878016634,92,0.7545000007667113,83,0.9059000003617257,72,1.4217999996617436
1229,HIGH (Pittsburgh Rivers),104695476,104913868,1076.6944879805587,230,1.0421000006317627,141.20734983322328,74,0.5883000012545381,74,0.8166000006895047,63,1.0753999995358754
1230,HIGH (Pittsburgh Rivers),104890186,3572378150,3387.740780255411,1148,6.421699999918928,368.83044771823614,258,1.7173000014736317,174,1.725300000543939,113,1.9248999997216742
1231,HIGH (Pittsburgh Rivers),105729319,105773556,3208.388680611244,951,5.020799999329029,366.9207400533862,327,2.0867999992333353,195,1.7325999979220796,103,1.6448999995191116
1232,HIGH (Pittsburgh Rivers),105016665,105739698,4017.1125525047382,863,4.295000002457527,412.36091450143726,106,0.6900000007590279,91,0.8433000002696645,84,1.3457999993988778
1233,HIGH (Pittsburgh Rivers),11163467198,105731641,777.3952874223996,78,0.48070000048028305,82.1285258706136,19,0.1432999997632578,18,0.1919999995152466,18,0.3366999990248587
1234,HIGH (Pittsburgh Rivers),105015229,105048117,4611.425073520664,1493,7.8288000004249625,507.5819810989429,616,3.6962000012863427,372,3.110099998593796,186,2.91559999823221
1235,HIGH (Pittsburgh Rivers),104572642,1805073488,2254.51316944567,809,3.89290000020992,275.5249131539265,129,0.7845000000088476,54,0.5229000016697682,37,0.6184999983815942
1236,HIGH (Pittsburgh Rivers),105120675,271200496,3616.0347340275175,567,2.6709000012488104,323.39020281912553,23,0.15029999849502929,23,0.21399999968707561,23,0.3710999990289565
1237,HIGH (Pittsburgh Rivers),105128937,105032172,747.7346790922912,46,0.20199999926262535,97.44378334721225,49,0.31709999893791974,38,0.3350000006321352,38,0.5580000033660326
1238,HIGH (Pittsburgh Rivers),105786157,104763130,3609.2331561963856,1134,6.093799998780014,439.24467209439587,284,2.129200001945719,267,2.4921000003814697,207,3.2427000005554873
1239,HIGH (Pittsburgh Rivers),105740565,105169607,4641.408463687231,1552,7.312300000194227,492.6527749106745,189,1.41789999906905,165,1.4874000007694121,117,1.7953999995370395
1240,HIGH (Pittsburgh Rivers),104774017,104782720,1106.0842702011782,86,0.3858999989461154,117.98438964042812,29,0.1869000006990973,29,0.32900000223889947,20,0.36729999919771217
1241,HIGH (Pittsburgh Rivers),104616945,106343099,4836.795280075603,1347,6.5470000008645,532.998014769041,434,2.9093999983160757,386,3.5710000011022203,325,4.799999998795101
1242,HIGH (Pittsburgh Rivers),104934216,271197360,4000.8769877769805,825,3.8009999989299104,350.20133764936105,158,0.9819000006245915,158,1.3531999975384679,76,1.106600000639446
1243,HIGH (Pittsburgh Rivers),104713692,665550120,2252.68718662416,137,0.6285999988904223,169.5119556811177,19,0.11649999942164868,19,0.18379999892204069,18,0.2789999998640269
1244,HIGH (Pittsburgh Rivers),105042665,517880053,3729.0188036276977,819,4.11549999989802,368.46149439011646,395,2.4464999987685587,31,0.3304999991087243,31,0.5347000005713198
1245,HIGH (Pittsburgh Rivers),104832667,104625953,3588.1514286907454,1076,5.058200000348734,398.87881406382076,634,4.098499997780891,533,4.56309999935911,312,4.206300000078045
1246,HIGH (Pittsburgh Rivers),104712716,105100294,3855.2304807089095,1781,8.681700001034187,506.8172099477906,444,2.707899999222718,324,2.809400000842288,105,1.6867999984242488
1247,HIGH (Pittsburgh Rivers),104662424,106316118,1000.5765608095553,306,1.2784999998984858,262.91823054939596,134,0.8794999994279351,99,0.8525999983248767,87,1.1586000000534113
1248,HIGH (Pittsburgh Rivers),4998819354,104871561,4790.945947865753,274,1.2201999998069368,363.1113506303203,80,0.4999000011594035,33,0.44890000208397396,33,0.4771000021719374
1249,HIGH (Pittsburgh Rivers),104934283,104661656,5221.311776270443,1359,5.8792000018002,540.1120591805604,64,0.47369999811053276,64,0.7662999996682629,64,1.113399997848319
1250,HIGH (Pittsburgh Rivers),104921939,106005528,2654.006898273599,187,0.7886999992479105,388.81807333039114,62,0.4734999965876341,61,0.6504000011773314,50,0.8766999999352265
1251,HIGH (Pittsburgh Rivers),105696870,12167732659,3644.410438120429,939,3.9866000006441027,537.7035059399905,241,1.4771999994991347,89,0.7895999988249969,48,0.7962000017869286
1252,HIGH (Pittsburgh Rivers),1252109230,104685318,2622.9117147217653,795,3.4703999990597367,336.95821557300593,166,0.9915000009641517,166,1.3594999982160516,94,1.412099998560734
1253,HIGH (Pittsburgh Rivers),3574752997,105775009,2399.0107004229485,825,3.5755999997491017,402.785451926923,338,2.0581000026140828,186,1.5917000018816907,148,2.253399998153327
1254,HIGH (Pittsburgh Rivers),105781111,104777273,3525.218718310576,1252,5.613599998468999,406.1110067338023,406,2.3763000026519876,282,2.3765000005369075,132,1.8278999996255152
1255,HIGH (Pittsburgh Rivers),104653960,104576100,2986.7665699642557,590,3.16210000164574,338.75046270730314,93,0.7449000004271511,93,1.0163000006286893,91,1.566599999932805
1256,HIGH (Pittsburgh Rivers),4238106594,105758203,2721.7015814821243,891,3.7791000031575095,363.5306870858946,385,2.1307999995769933,268,2.184000000852393,139,1.8686000003071968
1257,HIGH (Pittsburgh Rivers),104538452,4072623001,4967.095637737657,1891,9.008300003188197,506.4325927854089,291,2.0146000024396926,244,2.3961000006238464,119,1.9444999998086132
1258,HIGH (Pittsburgh Rivers),271195295,684907393,1191.5005743104152,98,0.40920000174082816,122.04829815792813,45,0.2610000010463409,17,0.16390000018873252,17,0.27970000155619346
1259,HIGH (Pittsburgh Rivers),104537319,105239362,3562.431155184316,1291,5.7608999995864,444.0133010989671,486,2.9283999974722974,212,2.232200000435114,194,2.907599999161903
1260,HIGH (Pittsburgh Rivers),105697089,105691817,2999.151148425597,597,2.611899999465095,328.3467262911416,233,1.5664999991713557,170,1.6534000023966655,149,2.34930000078748
1261,HIGH (Pittsburgh Rivers),1025864063,656071230,4519.785130265925,1735,7.468499999959022,502.6289045952366,568,3.4679999989748467,488,4.243100000167033,226,3.388900000572903
1262,HIGH (Pittsburgh Rivers),1025863893,104946139,1902.9727075040423,660,3.155399997922359,259.094273056408,117,0.6856999971205369,117,0.9591999987605959,89,1.2472000016714446
1263,HIGH (Pittsburgh Rivers),106032746,104874146,966.3653413009114,90,0.6656000005023088,131.0231390686622,53,0.342100000125356,32,0.3181000029144343,32,0.49199999921256676
1264,HIGH (Pittsburgh Rivers),104458386,104774877,1320.8360109571997,299,2.0322999989730306,182.31602689051286,109,0.663800001348136,109,0.8929000032367185,54,0.772700001107296
1265,HIGH (Pittsburgh Rivers),104770143,104774017,3688.937937333911,1542,7.997699998668395,448.0084683060751,382,2.2525000022142194,201,1.7829999997047707,112,1.5731000021332875
1266,HIGH (Pittsburgh Rivers),105136352,105799294,4125.528086512124,1879,10.153399998671375,522.9035591689559,442,2.5511000021651853,324,2.7258000009169336,72,1.2194999981147703
1267,HIGH (Pittsburgh Rivers),275752348,271196022,1635.1794489081162,396,1.8493999996280763,203.99751619869735,142,0.8500000003550667,111,0.9381999989273027,63,0.8913000019674655
1268,HIGH (Pittsburgh Rivers),271200496,6033100603,653.2414969255242,10,0.0653000024612993,49.09154371951116,6,0.05080000119050965,6,0.07480000203941017,6,0.12390000119921751
1269,HIGH (Pittsburgh Rivers),684995887,339262718,4671.990298278563,500,2.1973999973852187,338.7817937337006,74,0.3867999985232018,62,0.47230000200215727,23,0.3789999973378144
1270,HIGH (Pittsburgh Rivers),104548142,4599846701,1838.6858060872798,337,1.6316000001097564,217.6090224418185,82,0.5611999986285809,40,0.49480000234325416,33,0.5595000002358574
1271,HIGH (Pittsburgh Rivers),104862344,1252057919,2865.88209996993,942,4.761999996844679,371.7864466048464,358,2.4789999988570344,323,4.356599998573074,303,4.625400000804802
1272,HIGH (Pittsburgh Rivers),5317313800,104675848,2568.3862645759004,873,4.386799999338109,395.50857754482564,135,0.8199000003514811,96,1.0371000025770627,94,1.3842999978805892
1273,HIGH (Pittsburgh Rivers),105855082,104681336,2680.5185753157434,697,3.12580000172602,363.5393774680641,329,2.0163999979558866,110,1.3490999990608543,109,1.9021999978576787
1274,HIGH (Pittsburgh Rivers),105153369,3897691739,4738.835101402333,1844,9.004999999888241,528.3397288847523,620,3.9579000003868714,513,5.567000000155531,333,4.7301000013248995
1275,HIGH (Pittsburgh Rivers),104616564,105121227,4308.840776015227,1196,5.505400000402005,442.86346995699836,457,2.8178999964438844,368,3.6798999972234014,333,4.614400000718888
1276,HIGH (Pittsburgh Rivers),105835089,104939655,846.8794631549093,111,0.4822999981115572,141.96380542716975,21,0.1450000017939601,21,0.23470000087399967,21,0.32789999750093557
1277,HIGH (Pittsburgh Rivers),684667811,104670499,2157.1638212427656,709,3.111899997747969,272.96045118675914,122,0.793100000009872,120,1.2238000017532613,87,1.510400001279777
1278,HIGH (Pittsburgh Rivers),3573206093,104843167,3077.2506315581604,1533,7.196800001111114,431.52293095407873,367,2.1810999969602562,223,2.0266999999876134,94,1.4793000009376556
1279,HIGH (Pittsburgh Rivers),105131895,105075933,3318.9591473940363,1204,5.159399999683956,437.1026884647194,266,1.7387000007147435,237,2.4217999998654705,239,3.496500001347158
1280,HIGH (Pittsburgh Rivers),4070756402,3724109024,4219.273405092188,1550,6.886300001497148,486.4543727011073,409,2.5222000003850553,337,3.261199999542441,76,1.3432999985525385
1281,HIGH (Pittsburgh Rivers),104946112,684842474,2350.219825623339,424,2.2288999971351586,267.4028220880206,44,0.29710000308114104,42,0.44329999946057796,42,0.6513999978778884
1282,HIGH (Pittsburgh Rivers),104786357,105963747,1438.227374404024,269,1.253900001756847,174.75685188332025,109,0.6580000008398201,52,0.5488999995577615,51,0.8081000014499296
1283,HIGH (Pittsburgh Rivers),2029509553,105120675,5079.461910802409,1187,6.218799997441238,472.3299207523999,153,0.9557999983371701,149,1.461899999412708,87,1.2968000010005198
1284,HIGH (Pittsburgh Rivers),104201284,105158516,3242.5654718550263,289,1.3934000016888604,369.4014758114113,29,0.20030000086990185,29,0.3406000032555312,29,0.5385000004025642
1285,HIGH (Pittsburgh Rivers),105095910,104770143,5094.231710315618,1869,9.353900000860449,561.6467215213565,601,3.6096999974688515,548,5.483400000230176,348,5.47050000022864
1286,HIGH (Pittsburgh Rivers),339261144,104533982,2882.7202638742424,1008,4.323900000599679,425.7533872466043,357,2.011699998547556,123,1.1011999995389488,98,1.4163000014377758
1287,HIGH (Pittsburgh Rivers),105813707,271197294,1427.53296725399,281,1.441199998225784,184.37003667415985,140,0.8151999973051716,91,0.8458999982394744,50,0.723700002708938
1288,HIGH (Pittsburgh Rivers),105170359,104712772,1858.1287307013224,266,1.2126000001444481,178.24607926144085,127,0.7772999997541774,41,0.507200002175523,37,0.613200001680525
1289,HIGH (Pittsburgh Rivers),105048117,104932390,3398.1834479517006,1506,6.74319999961881,437.9908166336846,355,2.1933999996690545,339,3.127899999526562,239,3.278100000898121
1290,HIGH (Pittsburgh Rivers),106068963,105026218,4362.665911548235,989,4.459399999177549,445.37736667554293,209,1.723199999105418,179,1.7540000008011702,135,2.1368999987316784
1291,HIGH (Pittsburgh Rivers),3116168173,5002172290,6331.859980142434,1002,4.438500000105705,443.4305151535858,70,0.451300002168864,70,0.6524999989778735,53,0.8146000000124332
1292,HIGH (Pittsburgh Rivers),105131895,5002172531,3998.4199797425067,351,1.6447999987576623,308.79467062623155,82,0.6266000018513296,38,0.3749999996216502,38,0.6302000001596753
1293,HIGH (Pittsburgh Rivers),104490785,105174970,2695.964893880639,441,2.101800000673393,284.3354262268628,208,1.5519000007770956,183,1.7358000004605856,30,0.6523000010929536
1294,HIGH (Pittsburgh Rivers),105224989,3276159578,2623.0971674459943,800,3.8027000009606127,340.01131186836324,320,2.129899999999907,125,1.2289000005694106,74,1.3045999985479284
1295,HIGH (Pittsburgh Rivers),105037313,104712807,4133.056957378344,1156,5.2018000023963396,469.7881532281892,151,0.9768999989319127,150,1.4392999983101618,95,1.4364999988174532
1296,HIGH (Pittsburgh Rivers),105823027,104893887,3572.978644709513,800,4.2611000026226975,444.81084113438465,360,2.4069999999483116,166,1.8066000011458527,153,2.40019999910146
1297,HIGH (Pittsburgh Rivers),1025864022,760849106,3409.2151565864074,1002,5.050400002801325,387.84442174020086,491,3.295799997431459,455,4.141000001254724,353,5.057499998656567
1298,HIGH (Pittsburgh Rivers),104893871,105010643,1802.9690214886825,188,0.9720999987621326,216.37989411508397,104,0.843699999677483,93,0.8789999992586672,88,1.2908999997307546
1299,HIGH (Pittsburgh Rivers),104997431,105990710,5032.141333875371,1728,8.272899998701178,568.2103637715416,641,4.154200003540609,335,3.1927000018185936,320,4.8696999983803835
1300,HIGH (Pittsburgh Rivers),10970185374,104999886,2348.1093117726155,715,3.1846999991103075,273.87286751803924,62,0.44800000250688754,62,0.6447999985539354,50,0.8438000004389323
1301,HIGH (Pittsburgh Rivers),1027004594,104990128,4393.845731994637,1185,5.689999998139683,443.1031395114834,461,2.9996999983268324,83,0.8010000019567087,70,1.0843000018212479
1302,HIGH (Pittsburgh Rivers),105096508,105050228,2731.84597461893,477,2.099000001180684,262.5733630927247,213,1.3905000014347024,23,0.23370000053546391,23,0.37230000089039095
1303,HIGH (Pittsburgh Rivers),104997477,104945576,2408.5238664721182,613,2.910299997893162,349.0066605518554,225,1.558899999508867,127,1.2836999994760845,113,1.8258999989484437
1304,HIGH (Pittsburgh Rivers),104907721,105687494,1648.6013320974128,378,1.7538000029162504,231.0196257107317,26,0.15859999984968454,26,0.22870000248076394,25,0.3522000006341841
1305,HIGH (Pittsburgh Rivers),104637611,1252582086,5891.462020825224,1620,8.390099999814993,577.6648859494542,234,1.7894000011438038,130,1.3633999988087453,121,2.1000999986426905
1306,HIGH (Pittsburgh Rivers),271200496,1460623738,213.461599888641,13,0.06669999856967479,38.77724317976399,8,0.0624999993306119,8,0.09299999874201603,6,0.130599997646641
1307,HIGH (Pittsburgh Rivers),12871684387,105734796,4461.720173596135,1497,7.842399998480687,578.4254386523593,648,4.264200000761775,250,2.2478000028058887,163,2.4747999996179715
1308,HIGH (Pittsburgh Rivers),1253650449,107653462,2575.7443658897005,532,2.224500000011176,319.51148307449097,143,0.8769999985815957,109,1.0207000013906509,95,1.470399998652283
1309,HIGH (Pittsburgh Rivers),106025811,106070932,2857.7960758160466,995,4.413800001202617,429.5466504028229,605,3.7549000007857103,41,0.5027999977755826,41,0.9036999981617555
1310,HIGH (Pittsburgh Rivers),3213644586,106316118,3257.7227495496213,1197,6.038600000465522,467.60938927377214,453,3.057400001125643,361,3.436299997702008,338,5.163400001038099
1311,HIGH (Pittsburgh Rivers),3897691739,683700449,4278.2595673516025,999,4.26309999966179,404.7083324276843,342,1.9905000008293428,278,2.335299999685958,242,3.2084999984363094
1312,HIGH (Pittsburgh Rivers),685065785,6904172092,5099.656015997485,1400,5.939599999692291,512.8747100770863,281,1.9930999987991527,242,2.2027000013622455,93,1.718700001219986
1313,HIGH (Pittsburgh Rivers),6904052721,271196620,3423.913679062216,1457,7.802200001606252,432.5980153383228,435,2.7282999981252942,442,3.735800000868039,152,2.152200002456084
1314,HIGH (Pittsburgh Rivers),105139635,104770224,4973.544369080535,1787,8.966099998360733,558.9262926307873,908,5.794400000013411,554,5.104700001538731,156,2.4379999995289836
1315,HIGH (Pittsburgh Rivers),2277386933,107492949,660.2986205972209,32,0.17730000035953708,120.89544100732915,14,0.11509999967529438,14,0.17079999815905467,14,0.24990000019897707
1316,HIGH (Pittsburgh Rivers),104821815,6773954494,1517.7533550118237,352,1.691099998424761,231.5546563965282,85,0.5505000008270144,76,0.8329999982379377,51,0.7932999978947919
1317,HIGH (Pittsburgh Rivers),105031475,104572699,1670.4665447250486,578,2.7837999987241346,297.0894296328817,93,0.6761000004189555,59,0.7297000011021737,47,0.919000001886161
1318,HIGH (Pittsburgh Rivers),105747907,107645319,6489.083186875963,1076,5.086400000436697,551.6077580385536,511,3.177700000378536,154,1.52660000094329,79,1.0547999991104007
1319,HIGH (Pittsburgh Rivers),105170427,105095644,2144.638106747367,418,1.9425000027695205,266.2493387512144,155,1.1974000008194707,108,1.2442000006558374,108,1.6694999976607505
1320,HIGH (Pittsburgh Rivers),104774017,104821815,1320.0386803495385,67,0.39760000072419643,123.80769784024449,22,0.13899999976274557,22,0.19470000188448466,14,0.2418000003672205
1321,HIGH (Pittsburgh Rivers),104675349,105835089,1642.0343985649129,306,1.859700001659803,180.97689033596868,96,0.6450000000768341,61,0.6713999973726459,40,0.6651999974565115
1322,HIGH (Pittsburgh Rivers),104571353,106046782,2484.0849606106894,940,4.366100001789164,384.7698661413586,477,3.0588000008719973,451,4.2681999984779395,300,4.018499999801861
1323,HIGH (Pittsburgh Rivers),105225014,107671278,4303.3643167555265,2166,11.242600001423853,573.5886295632268,590,3.8466000005428214,465,5.0398999992467,79,1.431699998647673
1324,HIGH (Pittsburgh Rivers),105030543,104845592,5842.343185407269,1409,6.810099999711383,516.9304190180901,529,3.355300003022421,317,3.678799999761395,253,3.6216000007698312
1325,HIGH (Pittsburgh Rivers),104448942,104678080,4140.599737797514,915,4.391200000100071,407.2377795429953,331,1.957700002094498,185,2.025800000410527,78,1.2581999981193803
1326,HIGH (Pittsburgh Rivers),104627333,104651388,1966.6778829659543,351,1.5237000006891321,204.18247207107183,132,0.8914999998523854,88,0.8622999994258862,66,0.9944000012183096
1327,HIGH (Pittsburgh Rivers),105729319,105206691,5218.97246377003,1754,8.572799997637048,555.7929945121108,111,0.7660000010218937,110,1.2174999974376988,107,1.8765000022540335
1328,HIGH (Pittsburgh Rivers),271195956,106005528,2165.596415756945,876,4.543299997749273,319.6551115125724,136,0.8483999990858138,134,1.3465000010910444,57,0.9333999987575226
1329,HIGH (Pittsburgh Rivers),105863831,105010631,5807.836020295086,1256,7.016600000497419,505.26422522910235,416,2.3937000005389564,191,2.0718000014312565,148,2.1673999981430825
1330,HIGH (Pittsburgh Rivers),105819728,104843810,4852.377172159568,1704,9.505100002570543,628.7863978181516,411,2.587599999969825,360,3.956699998525437,211,3.1335999992734287
1331,HIGH (Pittsburgh Rivers),12167732659,104891049,2264.0381186104905,1202,6.674299998849165,390.09219961303677,615,3.466199999820674,86,0.9521000029053539,70,1.1769000011554454
1332,HIGH (Pittsburgh Rivers),1252520705,104997431,5375.988783592172,1599,10.755100000096718,611.4178219985016,186,1.1307999993732665,182,1.7236000021512154,145,2.1785999997518957
1333,HIGH (Pittsburgh Rivers),104738194,104775440,3079.959031106955,1184,6.805899996834341,351.5151977423926,314,2.1097000026202295,161,1.7626000008021947,148,2.5002000002132263
1334,HIGH (Pittsburgh Rivers),105945693,104695476,664.2976504412679,60,0.38869999843882397,71.99409235073995,13,0.10570000085863285,13,0.18459999773767777,13,0.3120000001217704
1335,HIGH (Pittsburgh Rivers),105207391,1025864174,586.2530178174915,57,0.34470000173314475,149.30932902698981,23,0.12900000001536682,22,0.18290000298293307,13,0.22499999977299012
1336,HIGH (Pittsburgh Rivers),104677621,105951843,2586.13754032506,1296,7.308800002647331,414.25943275366063,263,1.5969999985827599,263,2.5079000006371643,111,1.73220000215224
1337,HIGH (Pittsburgh Rivers),105728890,106046836,3978.2061697015624,1192,6.581999998161336,480.9409137458274,712,4.3139000008523,402,3.577800001949072,171,2.5557999979355372
1338,HIGH (Pittsburgh Rivers),105701921,105174997,658.0778936062815,52,0.36729999919771217,63.38711423828045,7,0.07519999780924991,7,0.10349999865866266,7,0.15419999908772297
1339,HIGH (Pittsburgh Rivers),656281310,104712739,2371.876182968803,718,3.764299999602372,297.8704753512772,116,0.6753000016033184,116,0.9625000020605512,102,1.3513000012608245
1340,HIGH (Pittsburgh Rivers),107477374,106108509,1637.2309926732828,248,1.5602999992552213,215.08896205625157,84,0.637799999822164,57,0.6023999994795304,49,0.8785999998508487
1341,HIGH (Pittsburgh Rivers),105037304,105240163,4731.976444758073,2236,12.040300000080606,606.3090254090312,641,4.277700001694029,510,4.412800000864081,109,1.8563000012363773
1342,HIGH (Pittsburgh Rivers),104675388,107680492,1391.0731087143945,153,0.671500001772074,137.8496430278346,64,0.4583000009006355,43,0.393000002077315,41,0.6250999977055471
1343,HIGH (Pittsburgh Rivers),684918257,684907780,577.1278171855898,86,0.36810000165132806,141.78784267705404,34,0.23069999951985665,25,0.24270000358228572,20,0.3389999983482994
1344,HIGH (Pittsburgh Rivers),4616974925,315286964,2764.6059476912287,178,0.7594000016979408,189.16922741338425,58,0.3462999993644189,48,0.4172000008111354,47,0.6511999999929685
1345,HIGH (Pittsburgh Rivers),107642764,104990117,5166.489690585176,988,4.746599999634782,424.58775100510445,188,1.3787999996566214,25,0.26760000037029386,24,0.4273000013199635
1346,HIGH (Pittsburgh Rivers),105253568,104968235,1750.3193040094402,383,1.823099999455735,236.5663272508944,209,1.426899998477893,114,0.998200001049554,97,1.3537000013457146
1347,HIGH (Pittsburgh Rivers),106111513,104969951,3711.7096286350898,1314,6.533299998409348,435.07210333059226,629,3.9711999997962266,145,1.3275000019348226,138,2.041399999143323
1348,HIGH (Pittsburgh Rivers),104854715,105096477,2574.843841708872,855,4.005899998446694,310.6438339769577,129,0.8063999994192272,102,0.919999998586718,68,0.9763000016391743
1349,HIGH (Pittsburgh Rivers),104712785,104644711,2517.946516290462,1001,4.843400001846021,356.04312094598254,115,0.7587000000057742,112,0.9163999966403935,87,1.1782000001403503
1350,HIGH (Pittsburgh Rivers),684996205,105979613,2132.5539625578185,84,0.3558999997039791,149.3601813398687,21,0.12339999739197083,22,0.1903000011225231,21,0.30890000198269263
1351,HIGH (Pittsburgh Rivers),105158239,104637565,3449.9679657910274,1135,5.940200000623008,383.5014536175055,308,1.7828999989433214,201,1.7230999983439688,180,2.5700000005599577
1352,HIGH (Pittsburgh Rivers),6033100602,6058412861,2992.3951825670515,747,3.2795999977679458,323.0722527742554,146,0.8736999989196192,123,1.1792999976023566,114,1.6146999987540767
1353,HIGH (Pittsburgh Rivers),2009679709,104689318,3201.824856225191,1250,5.884099999093451,430.4884564071783,525,3.540899997460656,490,4.412999998749001,268,3.852300000289688
1354,HIGH (Pittsburgh Rivers),3792266305,5317313800,1090.9178650582362,392,1.852199999120785,260.87448938359273,96,0.637799999822164,96,0.9279999976570252,51,0.8851999991748016
1355,HIGH (Pittsburgh Rivers),760849172,7455648023,4182.130047221959,1652,7.448200001817895,527.6163226888481,485,3.211299997929018,346,3.1205999985104427,121,2.491100000042934
1356,HIGH (Pittsburgh Rivers),104801826,105239365,3147.8326465978907,750,3.2698000031814445,307.0217748245005,293,1.745399997162167,203,1.8252999980177265,119,2.085899999656249
1357,HIGH (Pittsburgh Rivers),105057570,105735720,3357.94189750514,1432,6.537699999171309,449.11988882495154,620,3.8885000030859374,523,4.42980000298121,328,4.917300000670366
1358,HIGH (Pittsburgh Rivers),104712743,105131904,2819.16964376819,629,2.797699999064207,277.38725501432157,65,0.4321999986132141,56,0.5423000002338085,53,0.8949999973992817
1359,HIGH (Pittsburgh Rivers),106099937,104871791,1926.5917825996644,128,0.5826000015076715,212.57039323595603,63,0.38469999708468094,59,0.604200002271682,51,0.8177999989129603
1360,HIGH (Pittsburgh Rivers),104569639,104775428,880.3451655030542,197,0.8654999983264133,206.4565200487616,84,0.6080999992263969,84,0.987600000371458,82,1.5351000001828652
1361,HIGH (Pittsburgh Rivers),104842499,106321375,2645.5714290284,718,3.253999999287771,313.41723214460086,141,0.9605000013834797,141,1.3516999970306642,37,0.6983999992371537
1362,HIGH (Pittsburgh Rivers),1025816885,107634248,6111.313667092141,1984,9.75289999769302,544.8309205801786,103,0.663499999063788,103,1.0022999995271675,83,1.4494999995804392
1363,HIGH (Pittsburgh Rivers),104838357,104725958,5948.379586123334,2211,10.467799998878036,612.2001344834376,529,3.1048999990161974,491,4.12040000082925,218,3.170800002408214
1364,HIGH (Pittsburgh Rivers),105963927,104656392,4379.366120721855,1172,5.331000000296626,506.7458607753767,309,2.149300002201926,349,3.23729999945499,211,3.329499999381369
1365,HIGH (Pittsburgh Rivers),104728851,104934164,526.8501262302354,53,0.24789999952190556,76.46925880033962,18,0.12879999849246815,18,0.1787999972293619,16,0.26760000037029386
1366,HIGH (Pittsburgh Rivers),105079808,5000839761,5646.999455381649,327,1.4432999996643048,380.1258375562675,35,0.2407000029052142,35,0.36890000046696514,35,0.6351999982143752
1367,HIGH (Pittsburgh Rivers),104572618,105697089,1973.8875077165637,721,3.053899999940768,288.66814273196013,279,1.5887000008660834,223,1.904899996588938,81,1.2300000016693957
1368,HIGH (Pittsburgh Rivers),104902433,4394848928,4613.410771710022,1891,8.283000002847984,621.3281581519472,625,3.7953000028210226,903,8.164599999872735,734,11.162900002091192
1369,HIGH (Pittsburgh Rivers),5000839335,9678425838,5708.216053901061,384,1.6088999982457608,368.7057542859558,171,1.0264000011375174,77,0.7003999999142252,43,0.7227999994938727
1370,HIGH (Pittsburgh Rivers),104902427,106041352,1675.4346398207076,111,0.5075999979453627,166.69888065165253,26,0.1905999997688923,26,0.2868999981728848,26,0.5463999987114221
1371,HIGH (Pittsburgh Rivers),105158211,105728402,1337.2033460122682,141,0.6293000005825888,161.68734425556408,48,0.30139999944367446,48,0.4582999972626567,43,0.830699998914497
1372,HIGH (Pittsburgh Rivers),105712927,6904150783,4167.875339674261,1408,6.289500001003034,435.8309867816725,209,1.292299999477109,179,1.6692999997758307,78,1.4951999983168207
1373,HIGH (Pittsburgh Rivers),104843995,1253610027,2366.6201230327297,710,3.146200000628596,365.2524547653528,478,2.891500000259839,332,3.013900000951253,249,3.780300001380965
1374,HIGH (Pittsburgh Rivers),105199881,106005528,1927.5389683869619,688,2.9437999983201735,291.3947700868831,112,0.693199999659555,110,1.0795999987749383,36,0.6982000013522338
1375,HIGH (Pittsburgh Rivers),104537328,104911793,3679.5811835326335,2382,10.732300001109252,598.0030906702244,731,4.575099999783561,409,3.717200001119636,285,4.593000001477776
1376,HIGH (Pittsburgh Rivers),6324870639,104774017,4446.09620268268,1676,6.909600000653882,555.4754882771821,488,2.9876000007789116,334,2.936799999588402,169,2.6591999994707294
1377,HIGH (Pittsburgh Rivers),104843918,656281266,373.5201387541664,25,0.11559999984456226,40.332923068318124,19,0.11440000162110664,14,0.12240000069141388,12,0.18509999790694565
1378,HIGH (Pittsburgh Rivers),105701930,105070597,5547.621361500709,2334,10.610799999994924,599.2601726979399,778,4.696899999544257,706,5.853700000443496,486,6.948399997781962
1379,HIGH (Pittsburgh Rivers),105165227,105918692,880.7506883088499,89,0.39990000004763715,98.72378504248796,22,0.15470000289496966,21,0.22000000171829015,21,0.3577999996196013
1380,HIGH (Pittsburgh Rivers),104838050,105690637,4577.8655306380115,1800,8.095499997580191,464.8705350608333,304,1.759999999194406,255,2.242299997305963,132,1.7890000017359853
1381,HIGH (Pittsburgh Rivers),104674595,1253676444,5541.120372908836,1682,7.504400000470923,577.8178828388692,445,2.760599996690871,357,3.228499997931067,177,2.943500003311783
1382,HIGH (Pittsburgh Rivers),104874676,105775003,3811.387162659526,1201,5.031199998484226,471.50516937755856,272,2.020500000071479,254,2.171800002543023,233,3.566899998986628
1383,HIGH (Pittsburgh Rivers),105963734,105206727,3209.9461957154545,1164,5.018699997890508,364.3614091224015,212,1.2247999984538183,182,1.4922000009391923,122,1.7255999991903082
1384,HIGH (Pittsburgh Rivers),104789353,104528829,1910.7253572780353,245,1.1462000002211425,280.7070920868305,48,0.33629999961704016,48,0.465600001916755,47,0.8497999988321681
1385,HIGH (Pittsburgh Rivers),104723574,3195259066,1573.8058262073444,361,1.5580000035697594,213.06346977169835,76,0.5001999998057727,69,0.6904000001668464,62,1.1009000008925796
1386,HIGH (Pittsburgh Rivers),104674604,1252080612,5264.615430665298,1915,8.44620000134455,630.9883789040482,790,5.083600000943989,704,6.477300001279218,630,10.39630000013858
1387,HIGH (Pittsburgh Rivers),685106697,104529609,4427.173730991683,821,3.8591000011365395,446.816676223004,164,1.0160999991057906,172,1.5243000016198494,135,2.1879000014450867
1388,HIGH (Pittsburgh Rivers),105690270,105044465,5759.648576641392,2183,11.080600001150742,607.6556076067831,634,3.649099999165628,358,2.988200001709629,102,1.8331999999645632
1389,HIGH (Pittsburgh Rivers),104537305,105813989,2750.0403666577213,564,2.6378000002296176,300.2519829579725,195,1.4381000000867061,60,0.5997000007482711,53,0.8797999980743043
1390,HIGH (Pittsburgh Rivers),104537245,1252080612,5126.12514055729,1071,4.695999999967171,466.9516426790717,250,1.4340000016090926,199,1.7100999975809827,138,2.043299999058945
1391,HIGH (Pittsburgh Rivers),684996249,104990070,2112.1358812059734,856,3.5323999982210808,337.51801143871666,84,0.45760000284644775,79,0.6364000000758097,58,0.9200999993481673
1392,HIGH (Pittsburgh Rivers),5000839335,105095644,5603.462131434516,1229,5.282000001898268,454.4714390026836,188,1.322300002357224,112,0.8527999998477753,61,0.7676999994146172
1393,HIGH (Pittsburgh Rivers),105688767,104469712,1222.572229620416,237,1.2903999995614868,151.61508476250367,65,0.5062999989604577,32,0.3718999978445936,32,0.6705000014335383
1394,HIGH (Pittsburgh Rivers),685067165,104534366,4794.009115440048,1012,4.178600000159349,537.2870411518187,106,0.6733000009262469,106,0.97490000189282,61,1.0187999978370499
1395,HIGH (Pittsburgh Rivers),106044399,105757495,1645.7811698721139,796,3.703700000187382,309.7994070935099,234,1.3784000002488028,209,1.8946999989566393,127,2.0817999975406565
1396,HIGH (Pittsburgh Rivers),105688801,684692476,1253.1493676981258,119,0.5903999990550801,131.07439129056368,18,0.11850000009872019,18,0.18459999773767777,18,0.31060000037541613
1397,HIGH (Pittsburgh Rivers),104712785,104852745,3342.5353083004343,873,3.6254000006010756,323.69664536776,284,1.5911000009509735,225,1.8581000003905501,98,1.643700001295656
1398,HIGH (Pittsburgh Rivers),104683263,685106566,2620.036168975734,754,3.2644999992044177,350.2584291106958,221,1.3323999992280733,219,1.9605000015872065,190,2.7527999991434626
1399,HIGH (Pittsburgh Rivers),4238106594,689935240,2129.154324195237,386,1.6587000027357135,246.02959288953582,128,0.7740000000922009,93,0.8364000022993423,82,1.1612999987846706
1400,HIGH (Pittsburgh Rivers),7455648023,105232656,4244.805446703329,1473,6.207299997186055,477.5356504936144,160,1.0064999987662304,158,1.4188999994075857,141,2.1016999999119435
1401,HIGH (Pittsburgh Rivers),104712287,104245786,3117.11150666088,1161,5.88880000213976,380.92895462487894,182,1.1097999995399732,130,1.1682000003929716,74,1.1345999992045108
1402,HIGH (Pittsburgh Rivers),104911793,105748931,3590.8353164328587,1406,5.760100000770763,609.157257680519,934,5.828099998325342,420,3.3173999981954694,303,4.012800000054995
1403,HIGH (Pittsburgh Rivers),105711161,105240125,1939.8856568454507,317,1.4348999975482002,218.10665839117598,102,0.7428999997500796,102,0.976999999693362,28,0.46490000022458844
1404,HIGH (Pittsburgh Rivers),7223381983,684861893,2682.3389541574743,241,1.0151999995287042,219.59589383114692,163,0.9404000011272728,18,0.1587999977346044,18,0.2652000002854038
1405,HIGH (Pittsburgh Rivers),684996050,104561014,1978.9037964719114,244,1.0234000001219101,191.5681932797063,133,0.7726000003458466,86,0.6872999983897898,29,0.4355000019131694
1406,HIGH (Pittsburgh Rivers),1025872574,104939640,4009.771300846188,1320,5.983099999866681,462.81572600656733,758,5.188900002394803,702,6.09700000131852,467,7.416100001137238
1407,HIGH (Pittsburgh Rivers),105729319,104852770,3395.5429421587733,946,4.031399999803398,369.55887973598425,407,2.4880999990273267,232,1.8278999996255152,56,0.9998999994422775
1408,HIGH (Pittsburgh Rivers),104613785,2588527098,1915.0228147308558,581,2.668700002686819,308.6021863150848,175,1.1679999988700729,168,1.6103999987535644,144,2.696099996683188
1409,HIGH (Pittsburgh Rivers),105880542,106060099,1473.8150937018358,97,0.4177999981038738,184.39470635208053,40,0.24190000112866983,26,0.261799999861978,26,0.5101999995531514
1410,HIGH (Pittsburgh Rivers),105142598,105775009,1796.1288392460297,103,0.5536999997275416,161.62984729858624,38,0.3311000000394415,37,0.398300002416363,37,0.8329999982379377
1411,HIGH (Pittsburgh Rivers),105688767,5317313681,1650.5599437209157,784,4.407399999763584,279.7473266357665,279,1.6801999991002958,205,1.6951999969023746,28,0.5519000005733687
1412,HIGH (Pittsburgh Rivers),106051068,104801826,3971.544701836903,801,3.5301999996590894,335.2468548276232,115,0.689199998305412,115,0.9914999973261729,89,1.5244999995047692
1413,HIGH (Pittsburgh Rivers),683700398,105712937,1383.2532402702952,153,0.6756000002496876,199.27218737604446,66,0.36360000012791716,29,0.2582000015536323,26,0.40609999996377155
1414,HIGH (Pittsburgh Rivers),105819011,104712818,6354.22116500393,1403,6.293800001003547,539.3918711835219,155,1.1370000029273797,155,1.3993000029586256,58,1.0122999992745463
1415,HIGH (Pittsburgh Rivers),1252119221,104612542,1373.2544285939737,165,1.000799999019364,166.97750392383264,32,0.27570000020205043,19,0.20109999968553893,19,0.38869999843882397
1416,HIGH (Pittsburgh Rivers),3830208913,2634770676,2143.2083466255426,567,2.6491999997233506,249.90083317608972,100,0.6749999993189704,99,0.9461999979976099,85,1.5330999995057937
1417,HIGH (Pittsburgh Rivers),6033100602,1446495590,274.3959492030128,6,0.029400001949397847,28.279790235594135,7,0.04669999907491729,7,0.06500000017695129,7,0.12090000018361025
1418,HIGH (Pittsburgh Rivers),105781097,1252114613,2118.6237232855706,580,2.4357999973290134,253.500360473538,227,1.4426999987335876,157,1.4230999986466486,87,1.3876000011805445
1419,HIGH (Pittsburgh Rivers),1252520640,104467286,2534.548370936056,828,3.653799998573959,283.63487001193045,227,1.4827000013610814,52,0.4738000025099609,65,1.0344000002078246
1420,HIGH (Pittsburgh Rivers),105097510,683661030,5583.23426869547,962,4.162799999903655,418.76214362177234,188,1.076100001228042,158,1.7220000008819625,82,1.1493999991216697
1421,HIGH (Pittsburgh Rivers),1027007422,4636463467,2774.5002530352845,402,2.0583000004990026,343.8243116452745,115,0.8185000006051268,109,1.1914999995497055,104,1.693499998509651
1422,HIGH (Pittsburgh Rivers),107513116,105739046,3541.998195788319,1304,6.308899999567075,417.8782551230806,283,2.169400002458133,274,2.834999999322463,224,3.442599998379592
1423,HIGH (Pittsburgh Rivers),104789361,104866067,3807.174447300948,588,3.0556999990949407,366.2350527464674,47,0.3956000000471249,47,0.4291000004741363,26,0.4669999980251305
1424,HIGH (Pittsburgh Rivers),3250543308,684996085,3583.946894968047,431,1.9767000012507197,277.7823188572591,20,0.15150000035646372,20,0.1999000014620833,20,0.31039999885251746
1425,HIGH (Pittsburgh Rivers),104538510,689935623,2604.171376537699,956,4.883300000074087,314.7317848731131,447,3.205000000889413,277,2.4496000005456153,137,1.9435000031080563
1426,HIGH (Pittsburgh Rivers),104787922,105184687,1880.0927159739292,269,1.3140000010025688,295.6656246853283,30,0.2921999985119328,30,0.3646000004664529,30,0.601499999902444
1427,HIGH (Pittsburgh Rivers),106094180,684995969,6008.056975167442,1418,6.601999997656094,569.5035138784875,292,2.670999998372281,292,2.705999999307096,181,2.964400002383627
1428,HIGH (Pittsburgh Rivers),275752842,14032046301,3879.9147398390014,1422,7.083600001351442,413.0554803741858,714,5.724700000428129,223,2.024500001425622,123,1.9707999999809545
1429,HIGH (Pittsburgh Rivers),5317313800,104616088,4269.601860946981,1834,8.104900000034831,546.3921561001018,568,4.250300000421703,378,3.2815999984450173,169,2.335299999685958
1430,HIGH (Pittsburgh Rivers),12871510808,106041870,4730.229385502969,1080,4.978399996616645,536.1369819987117,612,4.702000001998385,572,4.971899998054141,240,3.590000000258442
1431,HIGH (Pittsburgh Rivers),105720902,106068963,1420.2942492100958,250,1.123499998357147,164.47074598352117,92,0.656100000924198,49,0.4642000021704007,39,0.5713999998988584
1432,HIGH (Pittsburgh Rivers),104705830,107678291,468.989472206797,30,0.14059999739401974,60.20237832937166,9,0.07790000017848797,9,0.09449999924981967,8,0.1816000003600493
1433,HIGH (Pittsburgh Rivers),104866045,1025849527,2262.6691490282387,692,3.2518000007257797,283.6686359363332,294,2.396799998678034,291,2.475699999195058,186,2.592900000308873
1434,HIGH (Pittsburgh Rivers),104978457,11826335685,4334.401617114552,1433,6.109699999797158,466.48606866720945,266,1.8749000009847805,216,1.8132999975932762,166,2.7167000007466413
1435,HIGH (Pittsburgh Rivers),104548499,105210452,4265.830779938597,1159,5.720400000427617,452.79695420456676,432,3.08729999960633,122,1.0654999969119672,101,1.4429000002564862
1436,HIGH (Pittsburgh Rivers),104934283,105752625,962.416723400741,162,0.7812000003468711,155.68730126114235,21,0.18120000095223077,21,0.38920000224607065,21,0.4576999999699183
1437,HIGH (Pittsburgh Rivers),105945068,105858728,3626.143747431375,1089,4.898899998806883,386.8960960391123,220,1.4738999998371582,158,1.8898000016633887,81,1.1783000009017996
1438,HIGH (Pittsburgh Rivers),6013470674,104712269,4143.0548867392345,846,3.5744999986491166,366.72470150502676,78,0.5243000014161225,64,0.5687999982910696,64,0.9554000025673304
1439,HIGH (Pittsburgh Rivers),104891049,104997477,3207.3949347166576,582,2.620700000989018,375.2123425826796,184,1.1831999981950503,115,1.2141000006522518,115,1.9770999970205594
1440,HIGH (Pittsburgh Rivers),106044431,104838357,2975.501810977687,674,3.3189999994647224,307.40579522937117,192,1.5574999997625127,172,1.5281000014510937,165,2.5270000005548354
1441,HIGH (Pittsburgh Rivers),7280804209,104859124,5039.99082318101,2043,9.180400000332156,590.4030038051906,624,4.112499998882413,276,2.296900001965696,108,1.7467000034230296
1442,HIGH (Pittsburgh Rivers),104535680,104528753,1922.4928474842184,585,2.5362999986100476,283.30910388229813,338,2.4714000028325245,316,2.776699999230914,160,2.32039999900735
1443,HIGH (Pittsburgh Rivers),107572139,1253676444,5052.983336360189,1525,7.320400000025984,486.2687649914759,370,2.997999999934109,269,2.5896000006468967,136,2.1319000006769784
1444,HIGH (Pittsburgh Rivers),104723574,106068963,2539.155344136811,739,3.4698000017669983,291.6219597879244,202,1.4563000004272908,139,1.5167999990808312,132,2.064000000245869
1445,HIGH (Pittsburgh Rivers),3116168173,107585726,4909.8350765607265,1260,5.779800001619151,434.34954759748786,367,2.4283999991894234,149,1.4375999999174383,127,1.850399999966612
1446,HIGH (Pittsburgh Rivers),104217588,105985047,4843.4201707961865,2402,11.099499999545515,583.6414967669505,756,5.046399997809203,527,5.157600000529783,398,5.593099998804973
1447,HIGH (Pittsburgh Rivers),104997538,107577282,2476.4452364955873,636,3.38230000124895,333.47665565246416,199,1.4661000022897497,84,1.0100000035890844,80,1.3751999977102969
1448,HIGH (Pittsburgh Rivers),105133192,105847943,700.0802775139509,91,0.4842000016651582,94.17421924200409,20,0.1458000006095972,20,0.2206999997724779,15,0.2581999979156535
1449,HIGH (Pittsburgh Rivers),1252108269,107518692,4340.011574948607,1457,7.186600003478816,542.9636991414047,535,3.4518000029493123,307,2.8998000016144942,225,3.2322000006388407
1450,HIGH (Pittsburgh Rivers),104891063,104770224,2706.328318854806,944,4.249300000083167,396.08934935478516,369,2.4766999995335937,93,1.040600000123959,86,1.4387000010174233
1451,HIGH (Pittsburgh Rivers),104535036,656281266,2295.791847229136,619,2.727399998548208,261.2479297505689,219,1.326000001427019,103,0.9228000017174054,58,0.925299998925766
1452,HIGH (Pittsburgh Rivers),104670458,1025864209,488.4433933203729,154,0.7925000027171336,107.99929123352898,54,0.43880000157514587,53,0.5805000000691507,35,0.5115999992995057
1453,HIGH (Pittsburgh Rivers),104597398,104674604,1340.922069259268,233,1.1220000014873222,163.8317401371075,79,0.6272999999055173,79,0.7962999989103992,34,0.6277000029513147
1454,HIGH (Pittsburgh Rivers),106094180,5175252868,3986.1128091543897,1219,6.3062000008358154,486.7664596422922,579,4.294800000934629,459,4.6824000019114465,214,3.471499996521743
1455,HIGH (Pittsburgh Rivers),683704686,105123074,1417.2585329242872,219,0.9475000006204937,158.80955109393685,39,0.31849999868427403,35,0.3892999993695412,35,0.558299998374423
1456,HIGH (Pittsburgh Rivers),104656392,5838028087,3786.3552160284876,1042,4.63320000199019,388.90202345549994,414,3.3801999998104293,163,1.5531999997620005,64,0.9920999982568901
1457,HIGH (Pittsburgh Rivers),105690637,104450525,1197.8070282193055,330,1.6218999990087468,192.62555801746387,85,0.6431000001612119,70,0.6599000007554423,68,1.0049999982584268
1458,HIGH (Pittsburgh Rivers),104527312,107648184,4592.576231299683,2184,9.907499999826541,587.2198986931851,583,4.132900001422968,492,4.565300001559081,364,5.523399999219691
1459,HIGH (Pittsburgh Rivers),5161995609,104590338,5539.26688509387,1486,6.690999998681946,456.8777956107926,411,2.842699999746401,308,2.8494999969552737,84,1.3932999972894322
1460,HIGH (Pittsburgh Rivers),104946119,105032602,1344.4791457051308,197,0.8735000010346994,179.5174237219001,92,0.7498000013583805,44,0.450999999884516,37,0.627199999144068
1461,HIGH (Pittsburgh Rivers),104843962,105976474,2059.0364068026443,1061,4.726300001493655,381.65070157230997,419,3.0989000006229617,304,2.693799997359747,241,3.5649999990710057
1462,HIGH (Pittsburgh Rivers),12871684384,105131895,2478.0354086943316,662,3.0203999995137565,373.821318204801,230,2.2790000002714805,158,1.5696000009484123,139,2.350700000533834
1463,HIGH (Pittsburgh Rivers),104637629,105803808,5460.473215868787,1581,7.0450000021082815,525.9854191555763,130,1.0140000013052486,92,0.8405000007769559,67,1.0956000005535316
1464,HIGH (Pittsburgh Rivers),104786350,105873325,3992.6321734517046,1200,5.169399999431334,421.8433920886332,541,3.606400001444854,258,2.0832000009249896,240,3.209699996659765
1465,HIGH (Pittsburgh Rivers),105979596,339262989,5645.054454231286,1026,4.369800000858959,464.54100495296706,272,2.217599998402875,249,2.0971999983885325,98,1.5932999995129649
1466,HIGH (Pittsburgh Rivers),104911013,683704624,3135.429553145503,1046,4.861600002186606,429.11746824735343,289,2.214200001617428,260,2.3117999990063254,234,3.5107000003335997
1467,HIGH (Pittsburgh Rivers),1252520716,105133282,3725.0801641579437,1562,6.8162999996275175,491.5855617327502,557,3.968400000303518,355,3.1582000010530464,130,2.084700001432793
1468,HIGH (Pittsburgh Rivers),1252119221,5187736438,1636.5651699290574,236,1.111599998694146,195.41682107519648,105,0.8675000026414637,105,1.0551999985182192,105,1.5887000008660834
1469,HIGH (Pittsburgh Rivers),683705100,3452291893,2742.109185980734,649,3.0124000004434492,289.01507292763836,25,0.1936999979079701,25,0.27290000070934184,25,0.41899999996530823
1470,HIGH (Pittsburgh Rivers),6904150783,105963839,2814.766521174016,1373,6.457100000261562,414.3804883464189,658,4.377500001282897,571,5.026800001360243,178,2.5705000007292256
1471,HIGH (Pittsburgh Rivers),106321363,4616974926,3764.860206067109,1195,5.48730000082287,412.8354060205862,207,1.5042000013636425,81,0.8673999982420355,72,1.2945000016770791
1472,HIGH (Pittsburgh Rivers),684996030,104991375,1803.338842198988,1052,5.373199997848133,366.4371937972537,205,1.433800000086194,117,1.0573999970802106,88,1.293400000577094
1473,HIGH (Pittsburgh Rivers),11538332988,104535925,248.08670463859713,10,0.0520999965374358,34.91780150751492,6,0.04199999966658652,6,0.057600002037361264,6,0.08619999789516442
1474,HIGH (Pittsburgh Rivers),104528829,4938994500,1539.906587405078,272,1.3369000007514842,201.35364535169572,26,0.2604000001156237,26,0.2998000018124003,26,0.4835999970964622
1475,HIGH (Pittsburgh Rivers),1252109230,105237680,2730.7585577794202,589,2.8063000027032103,326.0378298498698,156,1.358299999992596,150,1.3091000000713393,148,1.9057999998040032
1476,HIGH (Pittsburgh Rivers),104668901,105693141,3670.933234093142,1631,7.5400000023364555,471.46575072508944,243,1.4766999993298668,138,1.1948999999731313,95,1.325399996858323
1477,HIGH (Pittsburgh Rivers),105003451,5335982559,1838.5834942179008,252,1.1778000007325318,204.88652533458972,115,0.8793999986664858,42,0.5055000001448207,34,0.698499999998603
1478,HIGH (Pittsburgh Rivers),105781103,106039431,2321.6207710590365,586,2.566600000136532,265.39926161995834,37,0.362000002496643,37,0.39850000030128285,37,0.6733999980497174
1479,HIGH (Pittsburgh Rivers),104932722,5312910743,2965.5148346577275,841,4.094600000826176,336.05016777424504,213,1.4900999995006714,147,1.3748999990639277,82,1.2550999999803025
1480,HIGH (Pittsburgh Rivers),105012701,104526128,3846.0608126042334,937,4.1735999984666705,344.0065183432276,283,1.7483000010543037,116,1.2181999991298653,110,1.4389999996637926
1481,HIGH (Pittsburgh Rivers),684907567,104637639,2832.570872451139,594,2.6763000023493078,304.85098557875017,197,1.4104000001680106,125,1.1916000003111549,122,1.8787000008160248
1482,HIGH (Pittsburgh Rivers),105096521,105050293,3028.5843135189893,632,2.9695000011997763,300.94438321503196,211,1.2643000009120442,35,0.3352999992785044,34,0.5257999982859474
1483,HIGH (Pittsburgh Rivers),105710593,2353110377,4295.170423071829,1334,6.633900000451831,455.65682273409493,445,3.0087000013736542,191,1.6651999976602383,57,0.9733999977470376
1484,HIGH (Pittsburgh Rivers),1253650278,104919900,3272.471553489047,1469,7.179000000178348,425.6062132252607,726,4.689299999881769,117,0.9792999990168028,114,1.5426000027218834
1485,HIGH (Pittsburgh Rivers),104890186,104871791,3226.057793516056,1043,5.712299996957881,348.21481632121265,245,1.9753999986278359,93,0.9315999996033497,48,0.8510000006936025
1486,HIGH (Pittsburgh Rivers),104196960,105773523,3055.1500214065313,795,3.773599997657584,452.4562874522181,368,2.212299998063827,300,2.3509000020567328,103,1.5553000012005214
1487,HIGH (Pittsburgh Rivers),104946207,5002329497,5719.748894249625,1550,7.8288000004249625,528.6390023386372,43,0.3400999994482845,43,0.4444999976840336,43,0.7721000001765788
1488,HIGH (Pittsburgh Rivers),687149556,105902469,3247.2807714977785,685,3.1792000008863397,372.4872931979985,73,0.5053999993833713,72,0.6654999997408595,64,0.9462000016355887
1489,HIGH (Pittsburgh Rivers),105969782,107473135,4898.793173847247,1464,6.873199999972712,554.7813952289259,250,1.8810000001394656,230,2.104300001519732,190,2.905000001192093
1490,HIGH (Pittsburgh Rivers),104658369,105736080,2756.2187687382648,649,3.6852999983238988,342.91422631858404,171,1.3782999994873535,164,1.399400000082096,161,2.194900000176858
1491,HIGH (Pittsburgh Rivers),105080734,1364039065,4816.076774891387,1187,5.153000001882901,425.82580239958634,574,3.5233000016887672,66,0.57320000269101,64,0.9466000010434072
1492,HIGH (Pittsburgh Rivers),104893736,104566764,2902.8738700946274,595,2.620899998873938,339.7952825536121,236,1.6496999996888917,218,1.9619999984570313,158,2.0761000014317688
1493,HIGH (Pittsburgh Rivers),104569827,684844055,1999.1106980395698,433,1.8624000003910623,282.5512007216857,222,1.3859999999112915,120,1.130700002249796,120,1.4894000014464837
1494,HIGH (Pittsburgh Rivers),104557583,1252057879,4014.076646492301,878,3.9915999986988027,368.66190201518293,334,2.0594999987224583,243,2.4443000002065673,177,2.6952999978675507
1495,HIGH (Pittsburgh Rivers),105002609,105937847,1244.2726957179907,78,0.44829999751527794,162.4578754844466,34,0.2829999975801911,29,0.3918000002158806,29,0.5326999998942483
1496,HIGH (Pittsburgh Rivers),104947280,104472649,3216.336283756722,735,3.4079999968525954,359.4226443452398,94,0.7065999998303596,80,0.930599999264814,56,0.983900001301663
1497,HIGH (Pittsburgh Rivers),1025864082,9525581365,922.844206327179,92,0.565199999982724,130.73476810323933,25,0.1795999996829778,25,0.2626999994390644,21,0.3357999994477723
1498,HIGH (Pittsburgh Rivers),105969782,106094180,5632.996527674938,1798,9.286500000598608,654.3464664730458,502,3.3492000002297573,412,4.386900000099558,387,5.263900002319133
1499,HIGH (Pittsburgh Rivers),2807996473,683704687,2802.7872739750237,693,3.4890999995695893,328.8288073593966,191,1.1892000002262648,110,1.19270000141114,40,0.7009000000834931
1500,HIGH (Pittsburgh Rivers),107631775,2634770633,1822.0722555240677,425,2.033699998719385,259.1547584919291,143,1.0363000001234468,86,0.9247000016330276,55,0.9234000026481226
